# Blender 5.1.1
# www.blender.org
mtllib DropEnemy_reactive.mtl
o 球
v 0.000000 0.476410 0.000000
v -0.388899 0.330659 0.000000
v -0.582029 0.351405 0.000000
v -0.686550 0.136563 0.000000
v -0.700000 0.000000 0.000000
v -0.686550 -0.136563 0.000000
v -0.582029 -0.388899 0.000000
v 0.000000 -0.700000 0.000000
v -0.133939 0.471390 -0.026642
v -0.262731 0.440136 -0.052260
v -0.381427 0.330659 -0.075870
v -0.485464 0.381746 -0.096565
v -0.570845 0.351028 -0.113548
v -0.634289 0.267878 -0.126168
v -0.673358 0.136563 -0.133939
v -0.686550 0.000000 -0.136563
v -0.673358 -0.136563 -0.133939
v -0.634289 -0.267878 -0.126168
v -0.570845 -0.388899 -0.113548
v -0.485464 -0.494975 -0.096565
v -0.381427 -0.582029 -0.075870
v -0.262731 -0.646716 -0.052260
v -0.133939 -0.686550 -0.026642
v -0.126168 0.471390 -0.052260
v -0.247487 0.440136 -0.102513
v -0.359296 0.330659 -0.148825
v -0.457297 0.381746 -0.189419
v -0.537724 0.351028 -0.222733
v -0.597487 0.267878 -0.247487
v -0.634289 0.136563 -0.262731
v -0.646716 0.000000 -0.267878
v -0.634289 -0.136563 -0.262731
v -0.597487 -0.267878 -0.247487
v -0.537724 -0.388899 -0.222733
v -0.457297 -0.494975 -0.189419
v -0.359296 -0.582029 -0.148825
v -0.247487 -0.646716 -0.102513
v -0.126168 -0.686550 -0.052260
v -0.113548 0.471390 -0.075870
v -0.222733 0.440136 -0.148825
v -0.323358 0.330659 -0.216061
v -0.411556 0.381746 -0.274993
v -0.483939 0.351028 -0.323358
v -0.537724 0.267878 -0.359296
v -0.570845 0.136563 -0.381427
v -0.582029 0.000000 -0.388899
v -0.570845 -0.136563 -0.381427
v -0.537724 -0.267878 -0.359296
v -0.483939 -0.388899 -0.323358
v -0.411556 -0.494975 -0.274993
v -0.323358 -0.582029 -0.216061
v -0.222733 -0.646716 -0.148825
v -0.113548 -0.686550 -0.075870
v -0.096565 0.471390 -0.096565
v -0.189419 0.440136 -0.189419
v -0.274993 0.330659 -0.274993
v -0.350000 0.381746 -0.350000
v -0.411556 0.351028 -0.411556
v -0.457297 0.267878 -0.457297
v -0.485464 0.136563 -0.485464
v -0.494975 0.000000 -0.494975
v -0.485464 -0.136563 -0.485464
v -0.457297 -0.267878 -0.457297
v -0.411556 -0.388899 -0.411556
v -0.350000 -0.494975 -0.350000
v -0.274993 -0.582029 -0.274993
v -0.189419 -0.646716 -0.189419
v -0.096565 -0.686550 -0.096565
v -0.075870 0.471390 -0.113548
v -0.148825 0.440136 -0.222733
v -0.216061 0.330659 -0.323358
v -0.274993 0.381746 -0.411556
v -0.323358 0.351028 -0.483939
v -0.359296 0.267878 -0.537724
v -0.381427 0.136563 -0.570845
v -0.388899 0.000000 -0.582029
v -0.381427 -0.136563 -0.570845
v -0.359296 -0.267878 -0.537724
v -0.323358 -0.388899 -0.483939
v -0.274993 -0.494975 -0.411556
v -0.216061 -0.582029 -0.323358
v -0.148825 -0.646716 -0.222733
v -0.075870 -0.686550 -0.113548
v -0.052260 0.471390 -0.126168
v -0.102513 0.440136 -0.247487
v -0.148825 0.330659 -0.359296
v -0.189419 0.381746 -0.457297
v -0.222733 0.351028 -0.537724
v -0.247487 0.267878 -0.597487
v -0.262731 0.136563 -0.634289
v -0.267878 0.000000 -0.646716
v -0.262731 -0.136563 -0.634289
v -0.247487 -0.267878 -0.597487
v -0.222733 -0.388899 -0.537724
v -0.189419 -0.494975 -0.457297
v -0.148825 -0.582029 -0.359296
v -0.102513 -0.646716 -0.247487
v -0.052260 -0.686550 -0.126168
v -0.026642 0.471390 -0.133939
v -0.052260 0.440136 -0.262731
v -0.075870 0.330659 -0.381427
v -0.096565 0.381746 -0.485464
v -0.113548 0.351028 -0.570845
v -0.126168 0.267878 -0.634289
v -0.133939 0.136563 -0.673358
v -0.136563 0.000000 -0.686550
v -0.133939 -0.136563 -0.673358
v -0.126168 -0.267878 -0.634289
v -0.113548 -0.388899 -0.570845
v -0.096565 -0.494975 -0.485464
v -0.075870 -0.582029 -0.381427
v -0.052260 -0.646716 -0.262731
v -0.026642 -0.686550 -0.133939
v 0.000000 0.471390 -0.136563
v 0.000000 0.440136 -0.267878
v 0.000000 0.330659 -0.388899
v -0.000000 0.381746 -0.494975
v 0.000000 0.351028 -0.582029
v -0.000000 0.267878 -0.646716
v 0.000000 0.136563 -0.686550
v 0.000000 0.000000 -0.700000
v 0.000000 -0.136563 -0.686550
v -0.000000 -0.267878 -0.646716
v 0.000000 -0.388899 -0.582029
v -0.000000 -0.494975 -0.494975
v 0.000000 -0.582029 -0.388899
v 0.000000 -0.646716 -0.267878
v 0.000000 -0.686550 -0.136563
v 0.026642 0.471390 -0.133939
v 0.052260 0.440136 -0.262731
v 0.075870 0.330659 -0.381426
v 0.096565 0.381746 -0.485464
v 0.113548 0.351028 -0.570845
v 0.126168 0.267878 -0.634289
v 0.133939 0.136563 -0.673358
v 0.136563 0.000000 -0.686549
v 0.133939 -0.136563 -0.673358
v 0.126168 -0.267878 -0.634289
v 0.113548 -0.388899 -0.570845
v 0.096565 -0.494975 -0.485464
v 0.075870 -0.582029 -0.381426
v 0.052260 -0.646716 -0.262731
v 0.026642 -0.686550 -0.133939
v 0.052260 0.471390 -0.126168
v 0.102513 0.440136 -0.247487
v 0.148825 0.330659 -0.359296
v 0.189419 0.381746 -0.457297
v 0.222733 0.351028 -0.537724
v 0.247487 0.267878 -0.597487
v 0.262731 0.136563 -0.634289
v 0.267878 0.000000 -0.646715
v 0.262731 -0.136563 -0.634289
v 0.247487 -0.267878 -0.597487
v 0.222733 -0.388899 -0.537724
v 0.189419 -0.494975 -0.457297
v 0.148825 -0.582029 -0.359296
v 0.102513 -0.646716 -0.247487
v 0.052260 -0.686550 -0.126168
v 0.075870 0.471390 -0.113548
v 0.148825 0.440136 -0.222733
v 0.216061 0.330659 -0.323358
v 0.274993 0.381746 -0.411556
v 0.323358 0.351028 -0.483939
v 0.359296 0.267878 -0.537724
v 0.381427 0.136563 -0.570845
v 0.388899 0.000000 -0.582028
v 0.381427 -0.136563 -0.570845
v 0.359296 -0.267878 -0.537724
v 0.323358 -0.388899 -0.483939
v 0.274993 -0.494975 -0.411556
v 0.216061 -0.582029 -0.323358
v 0.148825 -0.646716 -0.222733
v 0.075870 -0.686550 -0.113548
v 0.096565 0.471390 -0.096565
v 0.189419 0.440136 -0.189419
v 0.274993 0.330659 -0.274993
v 0.350000 0.381746 -0.350000
v 0.411556 0.351028 -0.411556
v 0.457297 0.267878 -0.457297
v 0.485464 0.136563 -0.485464
v 0.494975 0.000000 -0.494974
v 0.485464 -0.136563 -0.485464
v 0.457297 -0.267878 -0.457297
v 0.411556 -0.388899 -0.411556
v 0.350000 -0.494975 -0.350000
v 0.274993 -0.582029 -0.274993
v 0.189419 -0.646716 -0.189419
v 0.096565 -0.686550 -0.096565
v 0.113548 0.471390 -0.075870
v 0.222733 0.440136 -0.148825
v 0.323358 0.330659 -0.216061
v 0.411556 0.381746 -0.274993
v 0.483939 0.351028 -0.323358
v 0.537724 0.267878 -0.359296
v 0.570845 0.136563 -0.381426
v 0.582029 0.000000 -0.388899
v 0.570845 -0.136563 -0.381426
v 0.537724 -0.267878 -0.359296
v 0.483939 -0.388899 -0.323358
v 0.411556 -0.494975 -0.274993
v 0.323358 -0.582029 -0.216061
v 0.222733 -0.646716 -0.148825
v 0.113548 -0.686550 -0.075870
v 0.126168 0.471390 -0.052260
v 0.247487 0.440136 -0.102513
v 0.359296 0.330659 -0.148825
v 0.457297 0.381746 -0.189419
v 0.537724 0.351028 -0.222733
v 0.597487 0.267878 -0.247487
v 0.634289 0.136563 -0.262731
v 0.646715 0.000000 -0.267878
v 0.634289 -0.136563 -0.262731
v 0.597487 -0.267878 -0.247487
v 0.537724 -0.388899 -0.222733
v 0.457297 -0.494975 -0.189419
v 0.359296 -0.582029 -0.148825
v 0.247487 -0.646716 -0.102513
v 0.126168 -0.686550 -0.052260
v 0.133939 0.471390 -0.026642
v 0.262731 0.440136 -0.052260
v 0.381426 0.330659 -0.075870
v 0.485464 0.381746 -0.096565
v 0.570845 0.351028 -0.113548
v 0.634289 0.267878 -0.126168
v 0.673358 0.136563 -0.133939
v 0.686549 0.000000 -0.136563
v 0.673358 -0.136563 -0.133939
v 0.634289 -0.267878 -0.126168
v 0.570845 -0.388899 -0.113548
v 0.485464 -0.494975 -0.096565
v 0.381426 -0.582029 -0.075870
v 0.262731 -0.646716 -0.052260
v 0.133939 -0.686550 -0.026642
v 0.136563 0.471390 -0.000000
v 0.267878 0.440136 0.000000
v 0.388899 0.330659 0.000000
v 0.494975 0.381746 -0.000000
v 0.582029 0.351028 0.000000
v 0.646715 0.267878 -0.000000
v 0.686549 0.136563 0.000000
v 0.700000 0.000000 0.000000
v 0.686549 -0.136563 0.000000
v 0.646715 -0.267878 -0.000000
v 0.582029 -0.388899 0.000000
v 0.494975 -0.494975 -0.000000
v 0.388899 -0.582029 0.000000
v 0.267878 -0.646716 0.000000
v 0.136563 -0.686550 -0.000000
v 0.133939 0.471390 0.026642
v 0.262731 0.440136 0.052260
v 0.381426 0.330659 0.075870
v 0.485464 0.381746 0.096565
v 0.570845 0.351028 0.113548
v 0.634289 0.267878 0.126168
v 0.673358 0.136563 0.133939
v 0.686549 0.000000 0.136563
v 0.673358 -0.136563 0.133939
v 0.634289 -0.267878 0.126168
v 0.570845 -0.388899 0.113548
v 0.485464 -0.494975 0.096565
v 0.381426 -0.582029 0.075870
v 0.262731 -0.646716 0.052260
v 0.133939 -0.686550 0.026642
v 0.126168 0.471390 0.052260
v 0.247487 0.440136 0.102513
v 0.359296 0.330659 0.148825
v 0.457297 0.381746 0.189419
v 0.537724 0.351028 0.222733
v 0.597487 0.267878 0.247487
v 0.634289 0.136563 0.262731
v 0.646715 0.000000 0.267878
v 0.634289 -0.136563 0.262731
v 0.597487 -0.267878 0.247487
v 0.537724 -0.388899 0.222733
v 0.457297 -0.494975 0.189419
v 0.359296 -0.582029 0.148825
v 0.247487 -0.646716 0.102513
v 0.126168 -0.686550 0.052260
v 0.113548 0.471390 0.075870
v 0.222733 0.440136 0.148825
v 0.323358 0.330659 0.216061
v 0.411556 0.381746 0.274993
v 0.483939 0.351028 0.323358
v 0.537724 0.267878 0.359296
v 0.570845 0.136563 0.381427
v 0.582028 0.000000 0.388899
v 0.570845 -0.136563 0.381427
v 0.537724 -0.267878 0.359296
v 0.483939 -0.388899 0.323358
v 0.411556 -0.494975 0.274993
v 0.323358 -0.582029 0.216061
v 0.222733 -0.646716 0.148825
v 0.113548 -0.686550 0.075870
v 0.096565 0.471390 0.096565
v 0.189419 0.440136 0.189419
v 0.274993 0.330659 0.274993
v 0.350000 0.381746 0.350000
v 0.411556 0.351028 0.411556
v 0.457297 0.267878 0.457297
v 0.485464 0.136563 0.485464
v 0.494974 0.000000 0.494974
v 0.485464 -0.136563 0.485464
v 0.457297 -0.267878 0.457297
v 0.411556 -0.388899 0.411556
v 0.350000 -0.494975 0.350000
v 0.274993 -0.582029 0.274993
v 0.189419 -0.646716 0.189419
v 0.096565 -0.686550 0.096565
v 0.075870 0.471390 0.113548
v 0.148825 0.440136 0.222733
v 0.216061 0.330659 0.323358
v 0.274993 0.381746 0.411556
v 0.323358 0.351028 0.483939
v 0.359296 0.267878 0.537724
v 0.381426 0.136563 0.570845
v 0.388899 0.000000 0.582028
v 0.381426 -0.136563 0.570845
v 0.359296 -0.267878 0.537724
v 0.323358 -0.388899 0.483939
v 0.274993 -0.494975 0.411556
v 0.216061 -0.582029 0.323358
v 0.148825 -0.646716 0.222733
v 0.075870 -0.686550 0.113548
v 0.052260 0.471390 0.126168
v 0.102513 0.440136 0.247487
v 0.148825 0.330659 0.359296
v 0.189419 0.381746 0.457297
v 0.222733 0.351028 0.537724
v 0.247487 0.267878 0.597487
v 0.262731 0.136563 0.634289
v 0.267878 0.000000 0.646715
v 0.262731 -0.136563 0.634289
v 0.247487 -0.267878 0.597487
v 0.222733 -0.388899 0.537724
v 0.189419 -0.494975 0.457297
v 0.148825 -0.582029 0.359296
v 0.102513 -0.646716 0.247487
v 0.052260 -0.686550 0.126168
v 0.026642 0.471390 0.133939
v 0.052260 0.440136 0.262731
v 0.075870 0.330659 0.381426
v 0.096565 0.381746 0.485464
v 0.113548 0.351028 0.570845
v 0.126168 0.267878 0.634289
v 0.133939 0.136563 0.673358
v 0.136563 0.000000 0.686549
v 0.133939 -0.136563 0.673358
v 0.126168 -0.267878 0.634289
v 0.113548 -0.388899 0.570845
v 0.096565 -0.494975 0.485464
v 0.075870 -0.582029 0.381426
v 0.052260 -0.646716 0.262731
v 0.026642 -0.686550 0.133939
v -0.000000 0.471390 0.136563
v -0.000000 0.440136 0.267878
v -0.000000 0.330659 0.388899
v 0.000000 0.381746 0.494975
v -0.000000 0.351028 0.582028
v 0.000000 0.267878 0.646715
v -0.000000 0.136563 0.686549
v -0.000000 0.000000 0.699999
v -0.000000 -0.136563 0.686549
v 0.000000 -0.267878 0.646715
v -0.000000 -0.388899 0.582028
v 0.000000 -0.494975 0.494975
v -0.000000 -0.582029 0.388899
v -0.000000 -0.646716 0.267878
v -0.000000 -0.686550 0.136563
v -0.026642 0.471390 0.133939
v -0.052260 0.440136 0.262731
v -0.075870 0.330659 0.381426
v -0.096565 0.381746 0.485464
v -0.113548 0.351028 0.570845
v -0.126168 0.267878 0.634289
v -0.133939 0.136563 0.673357
v -0.136563 0.000000 0.686549
v -0.133939 -0.136563 0.673357
v -0.126168 -0.267878 0.634289
v -0.113548 -0.388899 0.570845
v -0.096565 -0.494975 0.485464
v -0.075870 -0.582029 0.381426
v -0.052260 -0.646716 0.262731
v -0.026642 -0.686550 0.133939
v -0.052260 0.471390 0.126168
v -0.102513 0.440136 0.247487
v -0.148825 0.330659 0.359296
v -0.189419 0.381746 0.457297
v -0.222733 0.351028 0.537724
v -0.247487 0.267878 0.597487
v -0.262731 0.136563 0.634289
v -0.267878 0.000000 0.646715
v -0.262731 -0.136563 0.634289
v -0.247487 -0.267878 0.597487
v -0.222733 -0.388899 0.537724
v -0.189419 -0.494975 0.457297
v -0.148825 -0.582029 0.359296
v -0.102513 -0.646716 0.247487
v -0.052260 -0.686550 0.126168
v -0.075870 0.471390 0.113548
v -0.148825 0.440136 0.222733
v -0.216061 0.330659 0.323357
v -0.274993 0.381746 0.411556
v -0.323358 0.351028 0.483939
v -0.359296 0.267878 0.537724
v -0.381427 0.136563 0.570845
v -0.388899 0.000000 0.582028
v -0.381427 -0.136563 0.570845
v -0.359296 -0.267878 0.537724
v -0.323358 -0.388899 0.483939
v -0.274993 -0.494975 0.411556
v -0.216061 -0.582029 0.323357
v -0.148825 -0.646716 0.222733
v -0.075870 -0.686550 0.113548
v -0.096565 0.471390 0.096565
v -0.189419 0.440136 0.189419
v -0.274993 0.330659 0.274993
v -0.350000 0.381746 0.350000
v -0.411556 0.351028 0.411556
v -0.457297 0.267878 0.457297
v -0.485464 0.136563 0.485464
v -0.494974 0.000000 0.494974
v -0.485464 -0.136563 0.485464
v -0.457297 -0.267878 0.457297
v -0.411556 -0.388899 0.411556
v -0.350000 -0.494975 0.350000
v -0.274993 -0.582029 0.274993
v -0.189419 -0.646716 0.189419
v -0.096565 -0.686550 0.096565
v -0.113548 0.471390 0.075870
v -0.222733 0.440136 0.148825
v -0.323358 0.330659 0.216060
v -0.411556 0.381746 0.274993
v -0.483939 0.351028 0.323358
v -0.537724 0.267878 0.359296
v -0.570845 0.136563 0.381426
v -0.582028 0.000000 0.388898
v -0.570845 -0.136563 0.381426
v -0.537724 -0.267878 0.359296
v -0.483939 -0.388899 0.323358
v -0.411556 -0.494975 0.274993
v -0.323358 -0.582029 0.216060
v -0.222733 -0.646716 0.148825
v -0.113548 -0.686550 0.075870
v -0.126168 0.471390 0.052260
v -0.247487 0.440136 0.102513
v -0.359296 0.330659 0.148825
v -0.457297 0.381746 0.189419
v -0.537724 0.351028 0.222732
v -0.597487 0.267878 0.247487
v -0.634289 0.136563 0.262731
v -0.646715 0.000000 0.267878
v -0.634289 -0.136563 0.262731
v -0.597487 -0.267878 0.247487
v -0.537724 -0.388899 0.222732
v -0.457297 -0.494975 0.189419
v -0.359296 -0.582029 0.148825
v -0.247487 -0.646716 0.102513
v -0.126168 -0.686550 0.052260
v -0.133939 0.471390 0.026642
v -0.262731 0.440136 0.052260
v -0.381426 0.330659 0.075870
v -0.485464 0.381746 0.096565
v -0.570845 0.351028 0.113548
v -0.634289 0.267878 0.126168
v -0.673357 0.136563 0.133939
v -0.686549 0.000000 0.136563
v -0.673357 -0.136563 0.133939
v -0.634289 -0.267878 0.126168
v -0.570845 -0.388899 0.113548
v -0.485464 -0.494975 0.096565
v -0.381426 -0.582029 0.075870
v -0.262731 -0.646716 0.052260
v -0.133939 -0.686550 0.026642
v -0.136563 0.471390 -0.000000
v -0.267878 0.440136 -0.000000
v -0.494975 0.381746 -0.000000
v -0.646715 0.267878 -0.000000
v -0.646715 -0.267878 -0.000000
v -0.494975 -0.494975 -0.000000
v -0.388899 -0.582029 -0.000000
v -0.267878 -0.646716 -0.000000
v -0.136563 -0.686550 -0.000000
v 0.500000 0.250000 -0.000000
v 0.500000 0.245196 -0.048773
v 0.500000 0.230970 -0.095671
v 0.500000 0.207867 -0.138893
v 0.500000 0.176777 -0.176777
v 0.500000 0.138893 -0.207867
v 0.500000 0.095671 -0.230970
v 0.500000 0.048773 -0.245196
v 0.500000 0.000000 -0.250000
v 0.500000 -0.048773 -0.245196
v 0.500000 -0.095671 -0.230970
v 0.500000 -0.138893 -0.207867
v 0.500000 -0.176777 -0.176777
v 0.500000 -0.207867 -0.138893
v 0.500000 -0.230970 -0.095671
v 0.500000 -0.245196 -0.048773
v 0.500000 -0.250000 -0.000000
v 0.500000 -0.245196 0.048773
v 0.500000 -0.230970 0.095671
v 0.500000 -0.207867 0.138893
v 0.500000 -0.176777 0.176777
v 0.500000 -0.138893 0.207867
v 0.500000 -0.095671 0.230970
v 0.500000 -0.048773 0.245196
v 0.500000 0.000000 0.250000
v 0.500000 0.048773 0.245196
v 0.500000 0.095671 0.230970
v 0.500000 0.138893 0.207867
v 0.500000 0.176777 0.176777
v 0.500000 0.207867 0.138893
v 0.500000 0.230970 0.095671
v 0.500000 0.245196 0.048773
v 1.000000 -0.000000 -0.000000
v -0.500000 -0.250000 0.000000
v -0.500000 -0.245196 -0.048773
v -0.500000 -0.230970 -0.095671
v -0.500000 -0.207867 -0.138893
v -0.500000 -0.176777 -0.176777
v -0.500000 -0.138893 -0.207867
v -0.500000 -0.095671 -0.230970
v -0.500000 -0.048773 -0.245196
v -0.500000 0.000000 -0.250000
v -0.500000 0.048773 -0.245196
v -0.500000 0.095671 -0.230970
v -0.500000 0.138893 -0.207867
v -0.500000 0.176777 -0.176777
v -0.500000 0.207867 -0.138893
v -0.500000 0.230970 -0.095671
v -0.500000 0.245196 -0.048773
v -0.500000 0.250000 0.000000
v -0.500000 0.245196 0.048773
v -0.500000 0.230970 0.095671
v -0.500000 0.207867 0.138893
v -0.500000 0.176777 0.176777
v -0.500000 0.138893 0.207867
v -0.500000 0.095671 0.230970
v -0.500000 0.048773 0.245196
v -0.500000 0.000000 0.250000
v -0.500000 -0.048773 0.245196
v -0.500000 -0.095671 0.230970
v -0.500000 -0.138893 0.207867
v -0.500000 -0.176777 0.176777
v -0.500000 -0.207867 0.138893
v -0.500000 -0.230970 0.095671
v -0.500000 -0.245196 0.048773
v -1.000000 -0.000000 0.000000
v -0.151818 -0.661394 0.000000
v -0.154573 -0.657459 -0.048773
v -0.162733 -0.645805 -0.095671
v -0.175984 -0.626881 -0.138893
v -0.193817 -0.601413 -0.176777
v -0.215547 -0.570380 -0.207867
v -0.240337 -0.534975 -0.230970
v -0.267237 -0.496558 -0.245196
v -0.295212 -0.456606 -0.250000
v -0.323187 -0.416654 -0.245196
v -0.350087 -0.378237 -0.230970
v -0.374878 -0.342832 -0.207867
v -0.396607 -0.311799 -0.176777
v -0.414440 -0.286331 -0.138893
v -0.427691 -0.267406 -0.095671
v -0.435851 -0.255753 -0.048773
v -0.438606 -0.251818 0.000000
v -0.435851 -0.255753 0.048773
v -0.427691 -0.267406 0.095671
v -0.414440 -0.286331 0.138893
v -0.396607 -0.311799 0.176777
v -0.374878 -0.342832 0.207867
v -0.350087 -0.378237 0.230970
v -0.323187 -0.416654 0.245196
v -0.295212 -0.456606 0.250000
v -0.267237 -0.496558 0.245196
v -0.240337 -0.534975 0.230970
v -0.215547 -0.570380 0.207867
v -0.193817 -0.601413 0.176777
v -0.175984 -0.626881 0.138893
v -0.162733 -0.645805 0.095671
v -0.154573 -0.657459 0.048773
v -0.704788 -0.743394 0.000000
v 0.438606 -0.251818 -0.000000
v 0.435851 -0.255753 -0.048773
v 0.427691 -0.267406 -0.095671
v 0.414440 -0.286331 -0.138893
v 0.396607 -0.311799 -0.176777
v 0.374878 -0.342832 -0.207867
v 0.350087 -0.378237 -0.230970
v 0.323187 -0.416654 -0.245196
v 0.295212 -0.456606 -0.250000
v 0.267237 -0.496558 -0.245196
v 0.240337 -0.534975 -0.230970
v 0.215547 -0.570380 -0.207867
v 0.193817 -0.601413 -0.176777
v 0.175984 -0.626881 -0.138893
v 0.162733 -0.645805 -0.095671
v 0.154573 -0.657459 -0.048773
v 0.151818 -0.661394 -0.000000
v 0.154573 -0.657459 0.048773
v 0.162733 -0.645805 0.095671
v 0.175984 -0.626881 0.138893
v 0.193817 -0.601413 0.176777
v 0.215547 -0.570380 0.207867
v 0.240337 -0.534975 0.230970
v 0.267237 -0.496558 0.245196
v 0.295212 -0.456606 0.250000
v 0.323187 -0.416654 0.245196
v 0.350087 -0.378237 0.230970
v 0.374878 -0.342832 0.207867
v 0.396607 -0.311799 0.176777
v 0.414440 -0.286331 0.138893
v 0.427691 -0.267406 0.095671
v 0.435851 -0.255753 0.048773
v 0.704788 -0.743394 -0.000000
v 0.250000 -0.611272 -0.000000
v 0.245196 -0.611272 -0.048773
v 0.230970 -0.611272 -0.095671
v 0.207867 -0.611272 -0.138893
v 0.176777 -0.611272 -0.176777
v 0.138893 -0.611272 -0.207867
v 0.095671 -0.611272 -0.230970
v 0.048773 -0.611272 -0.245196
v 0.000000 -0.611272 -0.250000
v -0.048773 -0.611272 -0.245196
v -0.095671 -0.611272 -0.230970
v -0.138893 -0.611272 -0.207867
v -0.176777 -0.611272 -0.176777
v -0.207867 -0.611272 -0.138893
v -0.230970 -0.611272 -0.095671
v -0.245196 -0.611272 -0.048773
v -0.250000 -0.611272 0.000000
v -0.245196 -0.611272 0.048773
v -0.230970 -0.611272 0.095671
v -0.207867 -0.611272 0.138893
v -0.176777 -0.611272 0.176777
v -0.138893 -0.611272 0.207867
v -0.095671 -0.611272 0.230970
v -0.048773 -0.611272 0.245196
v 0.000000 -0.611272 0.250000
v 0.048773 -0.611272 0.245196
v 0.095671 -0.611272 0.230970
v 0.138893 -0.611272 0.207867
v 0.176777 -0.611272 0.176777
v 0.207867 -0.611272 0.138893
v 0.230970 -0.611272 0.095671
v 0.245196 -0.611272 0.048773
v -0.000000 -1.111272 0.000000
vn -0.2902 -0.9565 -0.0286
vn -0.9904 0.0975 -0.0975
vn -0.0367 0.9993 -0.0036
vn -0.0980 -0.9951 -0.0097
vn -0.9904 -0.0976 -0.0975
vn -0.2315 0.9726 -0.0228
vn -0.9527 -0.2890 -0.0938
vn -0.6694 0.7400 -0.0659
vn -0.8786 -0.4696 -0.0865
vn 0.4335 0.9001 0.0427
vn -0.7708 -0.6326 -0.0759
vn -0.3320 0.9426 -0.0358
vn -0.6332 -0.7715 -0.0624
vn -0.7869 0.6122 -0.0775
vn -0.4709 -0.8810 -0.0464
vn -0.9527 0.2890 -0.0938
vn -0.4528 -0.8810 -0.1374
vn -0.9161 0.2890 -0.2779
vn -0.2790 -0.9565 -0.0846
vn -0.9524 0.0976 -0.2889
vn -0.0353 0.9993 -0.0107
vn -0.0942 -0.9951 -0.0286
vn -0.9524 -0.0976 -0.2889
vn -0.2226 0.9726 -0.0675
vn -0.9161 -0.2890 -0.2779
vn -0.6437 0.7400 -0.1953
vn -0.8448 -0.4696 -0.2563
vn 0.4169 0.9001 0.1265
vn -0.7412 -0.6326 -0.2248
vn -0.3198 0.9425 -0.0970
vn -0.6088 -0.7715 -0.1847
vn -0.7567 0.6122 -0.2295
vn -0.5932 0.7400 -0.3171
vn -0.7786 -0.4696 -0.4162
vn 0.3842 0.9001 0.2053
vn -0.6831 -0.6326 -0.3651
vn -0.2947 0.9425 -0.1575
vn -0.5611 -0.7715 -0.2999
vn -0.6974 0.6122 -0.3727
vn -0.4173 -0.8810 -0.2230
vn -0.8443 0.2890 -0.4513
vn -0.2571 -0.9565 -0.1374
vn -0.8777 0.0975 -0.4691
vn -0.0326 0.9993 -0.0174
vn -0.0869 -0.9951 -0.0464
vn -0.8777 -0.0975 -0.4691
vn -0.2051 0.9726 -0.1097
vn -0.8443 -0.2890 -0.4513
vn -0.7400 0.2890 -0.6073
vn -0.2254 -0.9565 -0.1850
vn -0.7693 0.0975 -0.6314
vn -0.0285 0.9993 -0.0234
vn -0.0761 -0.9951 -0.0625
vn -0.7693 -0.0975 -0.6314
vn -0.1798 0.9726 -0.1476
vn -0.7400 -0.2890 -0.6073
vn -0.5199 0.7400 -0.4267
vn -0.6825 -0.4696 -0.5601
vn 0.3367 0.9001 0.2763
vn -0.5987 -0.6326 -0.4913
vn -0.2583 0.9425 -0.2120
vn -0.4918 -0.7715 -0.4036
vn -0.6112 0.6122 -0.5016
vn -0.3658 -0.8810 -0.3002
vn -0.5601 -0.4696 -0.6825
vn 0.2763 0.9001 0.3367
vn -0.4913 -0.6326 -0.5987
vn -0.2120 0.9425 -0.2583
vn -0.4036 -0.7715 -0.4918
vn -0.5016 0.6122 -0.6112
vn -0.3002 -0.8810 -0.3658
vn -0.6073 0.2890 -0.7400
vn -0.1850 -0.9566 -0.2254
vn -0.6314 0.0975 -0.7693
vn -0.0234 0.9993 -0.0285
vn -0.0625 -0.9951 -0.0761
vn -0.6314 -0.0975 -0.7693
vn -0.1476 0.9726 -0.1798
vn -0.6073 -0.2890 -0.7400
vn -0.4267 0.7400 -0.5199
vn -0.1374 -0.9565 -0.2571
vn -0.4691 0.0975 -0.8777
vn -0.0174 0.9993 -0.0326
vn -0.0464 -0.9951 -0.0869
vn -0.4691 -0.0975 -0.8777
vn -0.1096 0.9726 -0.2051
vn -0.4513 -0.2890 -0.8443
vn -0.3171 0.7400 -0.5932
vn -0.4162 -0.4696 -0.7786
vn 0.2053 0.9001 0.3842
vn -0.3651 -0.6326 -0.6831
vn -0.1575 0.9425 -0.2947
vn -0.2999 -0.7715 -0.5611
vn -0.3727 0.6122 -0.6974
vn -0.2230 -0.8810 -0.4173
vn -0.4513 0.2890 -0.8443
vn 0.1265 0.9001 0.4169
vn -0.2248 -0.6326 -0.7412
vn -0.0970 0.9425 -0.3198
vn -0.1847 -0.7715 -0.6088
vn -0.2295 0.6122 -0.7567
vn -0.1374 -0.8810 -0.4528
vn -0.2779 0.2890 -0.9161
vn -0.0846 -0.9565 -0.2790
vn -0.2889 0.0975 -0.9524
vn -0.0107 0.9993 -0.0353
vn -0.0286 -0.9951 -0.0942
vn -0.2889 -0.0975 -0.9524
vn -0.0675 0.9726 -0.2226
vn -0.2779 -0.2890 -0.9161
vn -0.1953 0.7400 -0.6437
vn -0.2563 -0.4696 -0.8448
vn -0.0975 0.0975 -0.9904
vn -0.0036 0.9993 -0.0367
vn -0.0097 -0.9951 -0.0980
vn -0.0975 -0.0975 -0.9904
vn -0.0228 0.9726 -0.2315
vn -0.0938 -0.2890 -0.9527
vn -0.0659 0.7400 -0.6694
vn -0.0865 -0.4696 -0.8786
vn 0.0427 0.9001 0.4335
vn -0.0759 -0.6326 -0.7708
vn -0.0328 0.9425 -0.3326
vn -0.0624 -0.7715 -0.6332
vn -0.0775 0.6122 -0.7869
vn -0.0464 -0.8810 -0.4709
vn -0.0938 0.2890 -0.9527
vn -0.0286 -0.9565 -0.2902
vn 0.0759 -0.6326 -0.7708
vn 0.0328 0.9425 -0.3326
vn 0.0624 -0.7715 -0.6332
vn 0.0775 0.6122 -0.7869
vn 0.0464 -0.8810 -0.4709
vn 0.0938 0.2890 -0.9527
vn 0.0286 -0.9565 -0.2902
vn 0.0976 0.0975 -0.9904
vn 0.0036 0.9993 -0.0367
vn 0.0097 -0.9951 -0.0980
vn 0.0976 -0.0975 -0.9904
vn 0.0228 0.9726 -0.2315
vn 0.0938 -0.2890 -0.9527
vn 0.0659 0.7400 -0.6694
vn 0.0865 -0.4696 -0.8786
vn -0.0427 0.9001 0.4335
vn 0.0286 -0.9951 -0.0942
vn 0.2889 -0.0975 -0.9524
vn 0.0675 0.9726 -0.2226
vn 0.2779 -0.2890 -0.9161
vn 0.1953 0.7400 -0.6437
vn 0.2563 -0.4696 -0.8448
vn -0.1265 0.9001 0.4169
vn 0.2248 -0.6326 -0.7412
vn 0.0970 0.9425 -0.3198
vn 0.1847 -0.7715 -0.6088
vn 0.2295 0.6122 -0.7567
vn 0.1374 -0.8810 -0.4528
vn 0.2779 0.2890 -0.9161
vn 0.0846 -0.9565 -0.2790
vn 0.2889 0.0975 -0.9524
vn 0.0107 0.9993 -0.0353
vn 0.2999 -0.7715 -0.5611
vn 0.3727 0.6122 -0.6974
vn 0.2230 -0.8810 -0.4173
vn 0.4513 0.2890 -0.8443
vn 0.1374 -0.9565 -0.2571
vn 0.4691 0.0975 -0.8777
vn 0.0174 0.9993 -0.0326
vn 0.0464 -0.9951 -0.0869
vn 0.4691 -0.0975 -0.8777
vn 0.1096 0.9726 -0.2051
vn 0.4513 -0.2890 -0.8443
vn 0.3171 0.7400 -0.5932
vn 0.4162 -0.4696 -0.7786
vn -0.2053 0.9001 0.3842
vn 0.3651 -0.6326 -0.6831
vn 0.1575 0.9425 -0.2947
vn 0.1476 0.9726 -0.1798
vn 0.6073 -0.2890 -0.7400
vn 0.4267 0.7400 -0.5200
vn 0.5601 -0.4696 -0.6825
vn -0.2763 0.9001 0.3367
vn 0.4913 -0.6326 -0.5987
vn 0.2120 0.9425 -0.2583
vn 0.4036 -0.7715 -0.4918
vn 0.5016 0.6122 -0.6112
vn 0.3002 -0.8810 -0.3658
vn 0.6073 0.2890 -0.7400
vn 0.1850 -0.9565 -0.2254
vn 0.6314 0.0975 -0.7693
vn 0.0234 0.9993 -0.0285
vn 0.0625 -0.9951 -0.0761
vn 0.6314 -0.0975 -0.7693
vn 0.6112 0.6122 -0.5016
vn 0.3658 -0.8810 -0.3002
vn 0.7400 0.2890 -0.6073
vn 0.2254 -0.9565 -0.1850
vn 0.7693 0.0975 -0.6314
vn 0.0285 0.9993 -0.0234
vn 0.0761 -0.9951 -0.0625
vn 0.7693 -0.0975 -0.6314
vn 0.1798 0.9726 -0.1476
vn 0.7400 -0.2890 -0.6073
vn 0.5199 0.7400 -0.4267
vn 0.6825 -0.4696 -0.5601
vn -0.3367 0.9001 0.2763
vn 0.5987 -0.6326 -0.4913
vn 0.2583 0.9425 -0.2120
vn 0.4918 -0.7715 -0.4036
vn 0.8443 -0.2890 -0.4513
vn 0.5932 0.7400 -0.3171
vn 0.7786 -0.4696 -0.4162
vn -0.3842 0.9001 0.2053
vn 0.6831 -0.6326 -0.3651
vn 0.2947 0.9425 -0.1575
vn 0.5611 -0.7715 -0.2999
vn 0.6974 0.6122 -0.3727
vn 0.4173 -0.8810 -0.2230
vn 0.8443 0.2890 -0.4513
vn 0.2571 -0.9565 -0.1374
vn 0.8777 0.0975 -0.4691
vn 0.0326 0.9993 -0.0174
vn 0.0869 -0.9951 -0.0464
vn 0.8777 -0.0975 -0.4691
vn 0.2051 0.9726 -0.1096
vn 0.4528 -0.8810 -0.1374
vn 0.9161 0.2890 -0.2779
vn 0.2790 -0.9565 -0.0846
vn 0.9524 0.0975 -0.2889
vn 0.0353 0.9993 -0.0107
vn 0.0942 -0.9951 -0.0286
vn 0.9524 -0.0975 -0.2889
vn 0.2226 0.9726 -0.0675
vn 0.9161 -0.2890 -0.2779
vn 0.6437 0.7400 -0.1953
vn 0.8448 -0.4696 -0.2563
vn -0.4169 0.9001 0.1265
vn 0.7412 -0.6326 -0.2248
vn 0.3198 0.9425 -0.0970
vn 0.6088 -0.7715 -0.1847
vn 0.7567 0.6122 -0.2295
vn 0.6694 0.7400 -0.0659
vn 0.8786 -0.4696 -0.0865
vn -0.4335 0.9001 0.0427
vn 0.7708 -0.6326 -0.0759
vn 0.3326 0.9425 -0.0328
vn 0.6332 -0.7715 -0.0624
vn 0.7869 0.6122 -0.0775
vn 0.4709 -0.8810 -0.0464
vn 0.9527 0.2890 -0.0938
vn 0.2902 -0.9565 -0.0286
vn 0.9904 0.0975 -0.0975
vn 0.0367 0.9993 -0.0036
vn 0.0980 -0.9951 -0.0097
vn 0.9904 -0.0975 -0.0975
vn 0.2315 0.9726 -0.0228
vn 0.9527 -0.2890 -0.0938
vn 0.9527 0.2890 0.0938
vn 0.2902 -0.9565 0.0286
vn 0.9904 0.0975 0.0976
vn 0.0367 0.9993 0.0036
vn 0.0980 -0.9951 0.0097
vn 0.9904 -0.0975 0.0975
vn 0.2315 0.9726 0.0228
vn 0.9527 -0.2890 0.0938
vn 0.6694 0.7400 0.0659
vn 0.8786 -0.4696 0.0865
vn -0.4335 0.9001 -0.0427
vn 0.7708 -0.6326 0.0759
vn 0.3326 0.9425 0.0328
vn 0.6332 -0.7715 0.0624
vn 0.7869 0.6122 0.0775
vn 0.4709 -0.8810 0.0464
vn 0.8448 -0.4696 0.2563
vn -0.4169 0.9001 -0.1265
vn 0.7412 -0.6326 0.2248
vn 0.3198 0.9425 0.0970
vn 0.6088 -0.7715 0.1847
vn 0.7567 0.6122 0.2295
vn 0.4528 -0.8810 0.1374
vn 0.9161 0.2890 0.2779
vn 0.2790 -0.9565 0.0846
vn 0.9524 0.0975 0.2889
vn 0.0353 0.9993 0.0107
vn 0.0942 -0.9951 0.0286
vn 0.9524 -0.0975 0.2889
vn 0.2226 0.9726 0.0675
vn 0.9161 -0.2890 0.2779
vn 0.6437 0.7400 0.1953
vn 0.2571 -0.9565 0.1374
vn 0.8777 0.0975 0.4691
vn 0.0326 0.9993 0.0174
vn 0.0869 -0.9951 0.0464
vn 0.8777 -0.0975 0.4691
vn 0.2051 0.9726 0.1097
vn 0.8443 -0.2890 0.4513
vn 0.5932 0.7400 0.3171
vn 0.7786 -0.4696 0.4162
vn -0.3842 0.9001 -0.2053
vn 0.6831 -0.6326 0.3651
vn 0.2947 0.9425 0.1575
vn 0.5611 -0.7715 0.2999
vn 0.6974 0.6122 0.3727
vn 0.4173 -0.8810 0.2230
vn 0.8443 0.2890 0.4513
vn 0.5987 -0.6326 0.4913
vn 0.2583 0.9425 0.2120
vn 0.4918 -0.7715 0.4036
vn 0.6112 0.6122 0.5016
vn 0.3658 -0.8810 0.3002
vn 0.7400 0.2890 0.6073
vn 0.2254 -0.9565 0.1850
vn 0.7693 0.0975 0.6314
vn 0.0285 0.9993 0.0234
vn 0.0761 -0.9951 0.0625
vn 0.7693 -0.0975 0.6314
vn 0.1798 0.9726 0.1476
vn 0.7400 -0.2890 0.6073
vn 0.5199 0.7400 0.4267
vn 0.6825 -0.4696 0.5601
vn -0.3367 0.9001 -0.2763
vn 0.0234 0.9993 0.0285
vn 0.0625 -0.9951 0.0761
vn 0.6314 -0.0975 0.7693
vn 0.1476 0.9726 0.1798
vn 0.6073 -0.2890 0.7400
vn 0.4267 0.7400 0.5200
vn 0.5601 -0.4696 0.6825
vn -0.2763 0.9001 -0.3367
vn 0.4913 -0.6326 0.5987
vn 0.2120 0.9425 0.2583
vn 0.4036 -0.7715 0.4918
vn 0.5016 0.6122 0.6112
vn 0.3002 -0.8810 0.3658
vn 0.6073 0.2890 0.7400
vn 0.1850 -0.9566 0.2254
vn 0.6314 0.0975 0.7693
vn 0.1575 0.9425 0.2947
vn 0.2999 -0.7715 0.5611
vn 0.3727 0.6122 0.6974
vn 0.2231 -0.8810 0.4173
vn 0.4513 0.2890 0.8443
vn 0.1374 -0.9565 0.2571
vn 0.4691 0.0975 0.8777
vn 0.0174 0.9993 0.0325
vn 0.0464 -0.9951 0.0869
vn 0.4691 -0.0975 0.8777
vn 0.1096 0.9726 0.2051
vn 0.4513 -0.2890 0.8443
vn 0.3171 0.7400 0.5932
vn 0.4162 -0.4696 0.7786
vn -0.2053 0.9001 -0.3842
vn 0.3651 -0.6326 0.6831
vn 0.2889 -0.0975 0.9524
vn 0.0675 0.9726 0.2226
vn 0.2779 -0.2890 0.9161
vn 0.1953 0.7400 0.6437
vn 0.2563 -0.4696 0.8448
vn -0.1265 0.9001 -0.4169
vn 0.2248 -0.6326 0.7412
vn 0.0970 0.9425 0.3198
vn 0.1847 -0.7715 0.6088
vn 0.2295 0.6122 0.7567
vn 0.1374 -0.8810 0.4528
vn 0.2779 0.2890 0.9161
vn 0.0846 -0.9565 0.2790
vn 0.2889 0.0975 0.9524
vn 0.0107 0.9993 0.0353
vn 0.0286 -0.9951 0.0942
vn 0.0624 -0.7715 0.6332
vn 0.0775 0.6122 0.7869
vn 0.0464 -0.8810 0.4709
vn 0.0938 0.2890 0.9527
vn 0.0286 -0.9565 0.2902
vn 0.0975 0.0975 0.9904
vn 0.0036 0.9993 0.0367
vn 0.0097 -0.9951 0.0980
vn 0.0976 -0.0975 0.9904
vn 0.0228 0.9726 0.2315
vn 0.0938 -0.2890 0.9527
vn 0.0659 0.7400 0.6694
vn 0.0865 -0.4696 0.8786
vn -0.0427 0.9001 -0.4335
vn 0.0759 -0.6326 0.7708
vn 0.0328 0.9425 0.3326
vn -0.0228 0.9726 0.2315
vn -0.0938 -0.2890 0.9527
vn -0.0659 0.7400 0.6694
vn -0.0865 -0.4696 0.8786
vn 0.0427 0.9001 -0.4335
vn -0.0759 -0.6326 0.7708
vn -0.0328 0.9425 0.3326
vn -0.0624 -0.7715 0.6332
vn -0.0775 0.6122 0.7869
vn -0.0464 -0.8810 0.4709
vn -0.0938 0.2890 0.9527
vn -0.0286 -0.9565 0.2902
vn -0.0975 0.0975 0.9904
vn -0.0036 0.9993 0.0367
vn -0.0097 -0.9951 0.0980
vn -0.0976 -0.0975 0.9904
vn -0.2295 0.6122 0.7567
vn -0.1374 -0.8810 0.4528
vn -0.2779 0.2890 0.9161
vn -0.0846 -0.9565 0.2790
vn -0.2889 0.0975 0.9524
vn -0.0107 0.9993 0.0353
vn -0.0286 -0.9951 0.0942
vn -0.2889 -0.0975 0.9524
vn -0.0675 0.9726 0.2226
vn -0.2779 -0.2890 0.9161
vn -0.1953 0.7400 0.6437
vn -0.2563 -0.4696 0.8448
vn 0.1265 0.9001 -0.4169
vn -0.2248 -0.6326 0.7412
vn -0.0970 0.9425 0.3198
vn -0.1847 -0.7715 0.6088
vn -0.4513 -0.2890 0.8443
vn -0.3171 0.7400 0.5932
vn -0.4162 -0.4696 0.7786
vn 0.2053 0.9001 -0.3842
vn -0.3651 -0.6326 0.6831
vn -0.1575 0.9425 0.2947
vn -0.2999 -0.7715 0.5611
vn -0.3727 0.6122 0.6974
vn -0.2231 -0.8810 0.4173
vn -0.4513 0.2890 0.8443
vn -0.1374 -0.9565 0.2571
vn -0.4691 0.0975 0.8777
vn -0.0174 0.9993 0.0325
vn -0.0464 -0.9951 0.0869
vn -0.4691 -0.0975 0.8777
vn -0.1096 0.9726 0.2051
vn -0.3002 -0.8810 0.3658
vn -0.6073 0.2890 0.7400
vn -0.1850 -0.9565 0.2254
vn -0.6314 0.0975 0.7693
vn -0.0234 0.9993 0.0285
vn -0.0625 -0.9951 0.0761
vn -0.6314 -0.0975 0.7693
vn -0.1476 0.9726 0.1798
vn -0.6073 -0.2890 0.7400
vn -0.4267 0.7400 0.5200
vn -0.5601 -0.4696 0.6825
vn 0.2763 0.9001 -0.3367
vn -0.4913 -0.6326 0.5987
vn -0.2120 0.9425 0.2583
vn -0.4036 -0.7715 0.4918
vn -0.5016 0.6122 0.6112
vn -0.6825 -0.4696 0.5601
vn 0.3367 0.9001 -0.2763
vn -0.5987 -0.6326 0.4913
vn -0.2583 0.9425 0.2120
vn -0.4918 -0.7715 0.4036
vn -0.6112 0.6122 0.5016
vn -0.3658 -0.8810 0.3002
vn -0.7400 0.2890 0.6073
vn -0.2254 -0.9565 0.1850
vn -0.7693 0.0975 0.6314
vn -0.0285 0.9993 0.0234
vn -0.0761 -0.9951 0.0625
vn -0.7693 -0.0975 0.6314
vn -0.1798 0.9726 0.1476
vn -0.7400 -0.2890 0.6073
vn -0.5200 0.7400 0.4267
vn -0.2571 -0.9565 0.1374
vn -0.8777 0.0975 0.4691
vn -0.0326 0.9993 0.0174
vn -0.0869 -0.9951 0.0464
vn -0.8777 -0.0975 0.4691
vn -0.2051 0.9726 0.1096
vn -0.8443 -0.2890 0.4513
vn -0.5932 0.7400 0.3171
vn -0.7786 -0.4696 0.4162
vn 0.3842 0.9001 -0.2053
vn -0.6831 -0.6326 0.3651
vn -0.2947 0.9425 0.1575
vn -0.5611 -0.7715 0.2999
vn -0.6974 0.6122 0.3727
vn -0.4173 -0.8810 0.2230
vn -0.8443 0.2890 0.4513
vn 0.4169 0.9001 -0.1265
vn -0.7412 -0.6326 0.2248
vn -0.3198 0.9425 0.0970
vn -0.6088 -0.7715 0.1847
vn -0.7567 0.6122 0.2295
vn -0.4528 -0.8810 0.1374
vn -0.9161 0.2890 0.2779
vn -0.2790 -0.9565 0.0846
vn -0.9524 0.0975 0.2889
vn -0.0353 0.9993 0.0107
vn -0.0942 -0.9951 0.0286
vn -0.9524 -0.0975 0.2889
vn -0.2226 0.9726 0.0675
vn -0.9161 -0.2890 0.2779
vn -0.6437 0.7400 0.1953
vn -0.8448 -0.4696 0.2563
vn -0.9904 0.0975 0.0976
vn -0.0367 0.9993 0.0036
vn -0.0980 -0.9951 0.0097
vn -0.9904 -0.0975 0.0976
vn -0.2315 0.9726 0.0228
vn -0.9527 -0.2890 0.0938
vn -0.6694 0.7400 0.0659
vn -0.8786 -0.4696 0.0865
vn 0.4335 0.9001 -0.0427
vn -0.7708 -0.6326 0.0759
vn -0.3320 0.9426 0.0358
vn -0.6332 -0.7715 0.0624
vn -0.7869 0.6122 0.0775
vn -0.4709 -0.8810 0.0464
vn -0.9527 0.2890 0.0938
vn -0.2902 -0.9565 0.0286
vn 0.4455 0.8910 -0.0878
vn 0.4455 0.8567 -0.2599
vn 0.4455 0.7896 -0.4220
vn 0.4455 0.6921 -0.5680
vn 0.4455 0.5680 -0.6921
vn 0.4455 0.4220 -0.7896
vn 0.4455 0.2599 -0.8567
vn 0.4455 0.0878 -0.8910
vn 0.4455 -0.0878 -0.8910
vn 0.4455 -0.2599 -0.8567
vn 0.4455 -0.4220 -0.7896
vn 0.4455 -0.5680 -0.6921
vn 0.4455 -0.6921 -0.5680
vn 0.4455 -0.7896 -0.4220
vn 0.4455 -0.8567 -0.2599
vn 0.4455 -0.8910 -0.0878
vn 0.4455 -0.8910 0.0878
vn 0.4455 -0.8567 0.2599
vn 0.4455 -0.7896 0.4220
vn 0.4455 -0.6921 0.5680
vn 0.4455 -0.5680 0.6921
vn 0.4455 -0.4220 0.7896
vn 0.4455 -0.2599 0.8567
vn 0.4455 -0.0878 0.8910
vn 0.4455 0.0878 0.8910
vn 0.4455 0.2599 0.8567
vn 0.4455 0.4220 0.7896
vn 0.4455 0.5680 0.6921
vn 0.4455 0.6921 0.5680
vn 0.4455 0.7896 0.4220
vn -1.0000 -0.0000 -0.0000
vn 0.4455 0.8567 0.2599
vn 0.4455 0.8910 0.0878
vn -0.4455 -0.8910 -0.0878
vn -0.4455 -0.8567 -0.2599
vn -0.4455 -0.7896 -0.4220
vn -0.4455 -0.6921 -0.5680
vn -0.4455 -0.5680 -0.6921
vn -0.4455 -0.4220 -0.7896
vn -0.4455 -0.2599 -0.8567
vn -0.4455 -0.0878 -0.8910
vn -0.4455 0.0878 -0.8910
vn -0.4455 0.2599 -0.8567
vn -0.4455 0.4220 -0.7896
vn -0.4455 0.5680 -0.6921
vn -0.4455 0.6921 -0.5680
vn -0.4455 0.7896 -0.4220
vn -0.4455 0.8567 -0.2599
vn -0.4455 0.8910 -0.0878
vn -0.4455 0.8910 0.0878
vn -0.4455 0.8567 0.2599
vn -0.4455 0.7896 0.4220
vn -0.4455 0.6921 0.5680
vn -0.4455 0.5680 0.6921
vn -0.4455 0.4220 0.7896
vn -0.4455 0.2599 0.8567
vn -0.4455 0.0878 0.8910
vn -0.4455 -0.0878 0.8910
vn -0.4455 -0.2599 0.8567
vn -0.4455 -0.4220 0.7896
vn -0.4455 -0.5680 0.6921
vn -0.4455 -0.6921 0.5680
vn -0.4455 -0.7896 0.4220
vn 1.0000 -0.0000 -0.0000
vn -0.4455 -0.8567 0.2599
vn -0.4455 -0.8910 0.0878
vn 0.1461 -0.9854 -0.0878
vn 0.1265 -0.9573 -0.2599
vn 0.0880 -0.9023 -0.4220
vn 0.0320 -0.8224 -0.5680
vn -0.0392 -0.7208 -0.6921
vn -0.1229 -0.6012 -0.7896
vn -0.2159 -0.4684 -0.8567
vn -0.3146 -0.3274 -0.8910
vn -0.4153 -0.1836 -0.8910
vn -0.5140 -0.0426 -0.8567
vn -0.6070 0.0902 -0.7896
vn -0.6907 0.2097 -0.6921
vn -0.7619 0.3114 -0.5680
vn -0.8178 0.3913 -0.4220
vn -0.8563 0.4463 -0.2599
vn -0.8760 0.4743 -0.0878
vn -0.8760 0.4743 0.0878
vn -0.8563 0.4463 0.2599
vn -0.8178 0.3913 0.4220
vn -0.7619 0.3114 0.5680
vn -0.6907 0.2097 0.6921
vn -0.6070 0.0902 0.7896
vn -0.5140 -0.0426 0.8567
vn -0.4153 -0.1836 0.8910
vn -0.3146 -0.3274 0.8910
vn -0.2159 -0.4684 0.8567
vn -0.1229 -0.6012 0.7896
vn -0.0392 -0.7208 0.6921
vn 0.0320 -0.8224 0.5680
vn 0.0880 -0.9023 0.4220
vn 0.8192 0.5736 -0.0000
vn 0.1265 -0.9573 0.2599
vn 0.1461 -0.9854 0.0878
vn 0.8760 0.4743 -0.0878
vn 0.8563 0.4463 -0.2599
vn 0.8178 0.3913 -0.4220
vn 0.7619 0.3114 -0.5680
vn 0.6907 0.2097 -0.6921
vn 0.6070 0.0902 -0.7896
vn 0.5140 -0.0426 -0.8567
vn 0.4153 -0.1836 -0.8910
vn 0.3146 -0.3274 -0.8910
vn 0.2159 -0.4684 -0.8567
vn 0.1229 -0.6012 -0.7896
vn 0.0392 -0.7208 -0.6921
vn -0.0320 -0.8224 -0.5680
vn -0.0880 -0.9023 -0.4220
vn -0.1265 -0.9573 -0.2599
vn -0.1461 -0.9854 -0.0878
vn -0.1461 -0.9854 0.0878
vn -0.1265 -0.9573 0.2599
vn -0.0880 -0.9023 0.4220
vn -0.0320 -0.8224 0.5680
vn 0.0392 -0.7208 0.6921
vn 0.1229 -0.6012 0.7896
vn 0.2159 -0.4684 0.8567
vn 0.3146 -0.3274 0.8910
vn 0.4153 -0.1836 0.8910
vn 0.5140 -0.0426 0.8567
vn 0.6070 0.0902 0.7896
vn 0.6907 0.2097 0.6921
vn 0.7619 0.3114 0.5680
vn 0.8178 0.3913 0.4220
vn -0.8192 0.5736 -0.0000
vn 0.8563 0.4463 0.2599
vn 0.8760 0.4743 0.0878
vn 0.8910 -0.4455 -0.0878
vn 0.8567 -0.4455 -0.2599
vn 0.7896 -0.4455 -0.4220
vn 0.6921 -0.4455 -0.5680
vn 0.5680 -0.4455 -0.6921
vn 0.4220 -0.4455 -0.7896
vn 0.2599 -0.4455 -0.8567
vn 0.0878 -0.4455 -0.8910
vn -0.0878 -0.4455 -0.8910
vn -0.2599 -0.4455 -0.8567
vn -0.4220 -0.4455 -0.7896
vn -0.5680 -0.4455 -0.6921
vn -0.6921 -0.4455 -0.5680
vn -0.7896 -0.4455 -0.4220
vn -0.8567 -0.4455 -0.2599
vn -0.8910 -0.4455 -0.0878
vn -0.8910 -0.4455 0.0878
vn -0.8567 -0.4455 0.2599
vn -0.7896 -0.4455 0.4220
vn -0.6921 -0.4455 0.5680
vn -0.5680 -0.4455 0.6921
vn -0.4220 -0.4455 0.7896
vn -0.2599 -0.4455 0.8567
vn -0.0878 -0.4455 0.8910
vn 0.0878 -0.4455 0.8910
vn 0.2599 -0.4455 0.8567
vn 0.4220 -0.4455 0.7896
vn 0.5680 -0.4455 0.6921
vn 0.6921 -0.4455 0.5680
vn 0.7896 -0.4455 0.4220
vn -0.0000 1.0000 -0.0000
vn 0.8567 -0.4455 0.2599
vn 0.8910 -0.4455 0.0878
vn -0.9904 0.0976 -0.0975
vn -0.9904 -0.0975 -0.0975
vn -0.3289 0.9438 -0.0324
vn -0.7881 0.6104 -0.0796
vn -0.4173 -0.8810 -0.2231
vn -0.2051 0.9726 -0.1096
vn -0.1850 -0.9565 -0.2254
vn 0.2231 -0.8810 -0.4173
vn 0.4267 0.7400 -0.5199
vn 0.5200 0.7400 -0.4267
vn 0.4173 -0.8810 -0.2231
vn 0.9904 0.0975 0.0975
vn 0.9904 -0.0975 0.0976
vn 0.2051 0.9726 0.1096
vn 0.4173 -0.8810 0.2231
vn 0.1850 -0.9565 0.2254
vn 0.2230 -0.8810 0.4173
vn 0.0976 0.0975 0.9904
vn 0.0975 -0.0975 0.9904
vn -0.0976 0.0975 0.9904
vn -0.0975 -0.0975 0.9904
vn -0.2051 0.9726 0.1097
vn 0.4169 0.9001 -0.1264
vn -0.3289 0.9438 0.0324
vn -0.7881 0.6104 0.0796
vn 0.8191 0.5736 -0.0000
vn -0.8191 0.5736 -0.0000
vt 0.452504 0.391625
vt 0.492380 0.429808
vt 0.497667 0.419599
vt 0.264830 0.345136
vt 0.287923 0.367420
vt 0.288354 0.344818
vt 0.084672 0.406486
vt 0.031167 0.436187
vt 0.089421 0.417515
vt 0.546962 0.451746
vt 0.309883 0.368447
vt 0.311829 0.345929
vt 0.135449 0.379632
vt 0.141678 0.394840
vt 0.332353 0.370960
vt 0.335861 0.348950
vt 0.175764 0.363058
vt 0.181276 0.381530
vt 0.356196 0.375143
vt 0.361001 0.354169
vt 0.203055 0.354873
vt 0.207648 0.375135
vt 0.382070 0.381547
vt 0.388133 0.362088
vt 0.221423 0.350640
vt 0.225230 0.371765
vt 0.410962 0.391137
vt 0.417728 0.373816
vt 0.240786 0.347367
vt 0.243616 0.369366
vt 0.445415 0.405930
vt 0.265997 0.367740
vt 0.405454 0.408071
vt 0.439551 0.420304
vt 0.245532 0.390017
vt 0.266776 0.388881
vt 0.487963 0.440423
vt 0.287500 0.388700
vt 0.036575 0.447129
vt 0.094165 0.428413
vt 0.544179 0.457705
vt 0.308277 0.389588
vt 0.147030 0.409846
vt 0.329645 0.391627
vt 0.185940 0.399297
vt 0.352369 0.395060
vt 0.211097 0.394406
vt 0.376823 0.400369
vt 0.228199 0.391907
vt 0.189571 0.416582
vt 0.327379 0.411399
vt 0.349136 0.414229
vt 0.214140 0.412960
vt 0.372962 0.418501
vt 0.230189 0.411033
vt 0.400740 0.424645
vt 0.246915 0.409687
vt 0.434730 0.434697
vt 0.267261 0.408954
vt 0.484358 0.451368
vt 0.287046 0.408904
vt 0.040095 0.454043
vt 0.098111 0.439475
vt 0.541851 0.464334
vt 0.306916 0.409706
vt 0.151320 0.424729
vt 0.247896 0.428568
vt 0.267538 0.428152
vt 0.481511 0.462591
vt 0.286619 0.428345
vt 0.043112 0.461257
vt 0.101291 0.450644
vt 0.540035 0.471543
vt 0.305754 0.429044
vt 0.154675 0.439483
vt 0.325508 0.430447
vt 0.192277 0.433435
vt 0.346565 0.432737
vt 0.216019 0.430861
vt 0.369819 0.436161
vt 0.231785 0.429494
vt 0.396996 0.440969
vt 0.430824 0.449089
vt 0.323981 0.448933
vt 0.344528 0.450760
vt 0.217201 0.448219
vt 0.367334 0.453450
vt 0.232831 0.447439
vt 0.394081 0.457099
vt 0.248486 0.446897
vt 0.427731 0.463465
vt 0.267588 0.446786
vt 0.479374 0.474055
vt 0.286147 0.447121
vt 0.045572 0.468677
vt 0.103728 0.461882
vt 0.538767 0.479252
vt 0.304751 0.447769
vt 0.157201 0.454126
vt 0.194256 0.449952
vt 0.425488 0.477801
vt 0.476814 0.485381
vt 0.267436 0.464982
vt 0.285634 0.465441
vt 0.047647 0.476243
vt 0.105445 0.473120
vt 0.535722 0.492813
vt 0.303876 0.466054
vt 0.158457 0.468643
vt 0.322748 0.467014
vt 0.195182 0.466247
vt 0.342949 0.468436
vt 0.218285 0.465328
vt 0.365443 0.470468
vt 0.233217 0.464954
vt 0.391906 0.473074
vt 0.248684 0.464808
vt 0.218464 0.482292
vt 0.364098 0.487315
vt 0.233356 0.482288
vt 0.390408 0.488948
vt 0.248585 0.482448
vt 0.423979 0.492065
vt 0.267101 0.482896
vt 0.474921 0.496684
vt 0.285081 0.483471
vt 0.049160 0.484031
vt 0.106486 0.484332
vt 0.533376 0.500714
vt 0.303110 0.484058
vt 0.158956 0.482984
vt 0.321775 0.484836
vt 0.195430 0.482304
vt 0.341778 0.485890
vt 0.266583 0.500668
vt 0.284482 0.501359
vt 0.049973 0.491915
vt 0.106876 0.495525
vt 0.531559 0.508637
vt 0.473685 0.507937
vt 0.302440 0.501926
vt 0.159185 0.497247
vt 0.321040 0.502535
vt 0.195338 0.498207
vt 0.340987 0.503244
vt 0.218101 0.499104
vt 0.363270 0.504089
vt 0.233003 0.499481
vt 0.389548 0.504779
vt 0.248159 0.499962
vt 0.423224 0.506280
vt 0.362943 0.520889
vt 0.217296 0.515844
vt 0.232225 0.516636
vt 0.389307 0.520650
vt 0.247408 0.517447
vt 0.423156 0.520502
vt 0.265877 0.518424
vt 0.474182 0.519248
vt 0.283832 0.519242
vt 0.049550 0.494589
vt 0.105594 0.506713
vt 0.531480 0.511050
vt 0.301855 0.519795
vt 0.158314 0.511450
vt 0.320530 0.520244
vt 0.194683 0.514107
vt 0.340562 0.520617
vt 0.532718 0.519112
vt 0.475322 0.530641
vt 0.301349 0.537804
vt 0.157092 0.525706
vt 0.320243 0.538095
vt 0.193229 0.530040
vt 0.340504 0.538128
vt 0.215970 0.532640
vt 0.363126 0.537816
vt 0.231009 0.533866
vt 0.389677 0.536641
vt 0.246321 0.535026
vt 0.423877 0.534806
vt 0.264969 0.536297
vt 0.283118 0.537256
vt 0.048026 0.507797
vt 0.104700 0.517987
vt 0.363849 0.554971
vt 0.390867 0.552782
vt 0.244872 0.552824
vt 0.424997 0.549225
vt 0.263841 0.554424
vt 0.475994 0.542108
vt 0.282331 0.555546
vt 0.047514 0.515614
vt 0.103142 0.529120
vt 0.533999 0.532938
vt 0.300918 0.556096
vt 0.154666 0.539891
vt 0.320183 0.556223
vt 0.191214 0.546060
vt 0.340827 0.555899
vt 0.214092 0.549568
vt 0.229326 0.551279
vt 0.151897 0.554146
vt 0.320366 0.574778
vt 0.188334 0.562257
vt 0.341560 0.574060
vt 0.211584 0.566761
vt 0.365136 0.572434
vt 0.227121 0.569002
vt 0.392613 0.569123
vt 0.243015 0.570979
vt 0.427344 0.563729
vt 0.262461 0.572955
vt 0.478423 0.553317
vt 0.281452 0.574268
vt 0.046294 0.523190
vt 0.100898 0.540119
vt 0.534241 0.535284
vt 0.300561 0.574828
vt 0.240691 0.589638
vt 0.430586 0.578361
vt 0.260786 0.592056
vt 0.481580 0.564482
vt 0.280462 0.593598
vt 0.044732 0.530418
vt 0.097934 0.550912
vt 0.536807 0.542752
vt 0.300283 0.594176
vt 0.147813 0.568319
vt 0.320819 0.593929
vt 0.184764 0.578645
vt 0.342754 0.592767
vt 0.208386 0.584290
vt 0.367063 0.590366
vt 0.224322 0.587156
vt 0.395143 0.585821
vt 0.321582 0.613868
vt 0.180124 0.595365
vt 0.344479 0.612190
vt 0.204363 0.602308
vt 0.369738 0.608896
vt 0.220826 0.605893
vt 0.398714 0.602960
vt 0.237814 0.608970
vt 0.434346 0.593216
vt 0.258760 0.611919
vt 0.485490 0.575548
vt 0.279336 0.613740
vt 0.042503 0.537239
vt 0.094212 0.561485
vt 0.539841 0.550018
vt 0.300091 0.614345
vt 0.143188 0.582591
vt 0.439285 0.608276
vt 0.234270 0.629169
vt 0.256305 0.632772
vt 0.489279 0.586797
vt 0.278040 0.634939
vt 0.039967 0.543549
vt 0.089683 0.571744
vt 0.544614 0.561790
vt 0.299999 0.635578
vt 0.137058 0.596736
vt 0.322716 0.634820
vt 0.174530 0.612364
vt 0.346835 0.632511
vt 0.199391 0.620887
vt 0.373275 0.628127
vt 0.216496 0.625362
vt 0.403305 0.620530
vt 0.167644 0.629785
vt 0.324309 0.657061
vt 0.349966 0.653961
vt 0.193241 0.640205
vt 0.377846 0.648206
vt 0.211140 0.645763
vt 0.408987 0.638534
vt 0.229897 0.650474
vt 0.445804 0.623339
vt 0.253315 0.654893
vt 0.494824 0.597310
vt 0.276530 0.657495
vt 0.038398 0.545454
vt 0.083587 0.581265
vt 0.545542 0.563696
vt 0.300029 0.658175
vt 0.129795 0.610795
vt 0.224481 0.673168
vt 0.249644 0.678629
vt 0.501332 0.607478
vt 0.274749 0.681788
vt 0.031848 0.553816
vt 0.077257 0.590852
vt 0.549812 0.569106
vt 0.300219 0.682519
vt 0.121342 0.624880
vt 0.326487 0.680944
vt 0.159072 0.647754
vt 0.354076 0.676831
vt 0.185627 0.660427
vt 0.383721 0.669367
vt 0.204501 0.667322
vt 0.416201 0.657188
vt 0.453692 0.638463
vt 0.329430 0.706909
vt 0.359448 0.701469
vt 0.176210 0.681660
vt 0.391240 0.691809
vt 0.196232 0.690276
vt 0.425247 0.676521
vt 0.217720 0.697596
vt 0.463208 0.653560
vt 0.245091 0.704421
vt 0.508856 0.617185
vt 0.272617 0.708311
vt 0.028102 0.558247
vt 0.069974 0.599835
vt 0.554478 0.573842
vt 0.300621 0.709101
vt 0.111235 0.638741
vt 0.148662 0.666161
vt 0.474637 0.668481
vt 0.517450 0.626274
vt 0.239364 0.732847
vt 0.270023 0.737717
vt 0.024211 0.561720
vt 0.061685 0.608050
vt 0.559398 0.577774
vt 0.301320 0.738573
vt 0.099244 0.652176
vt 0.333405 0.735531
vt 0.135945 0.684967
vt 0.366489 0.728305
vt 0.164481 0.704049
vt 0.400872 0.715752
vt 0.185841 0.714916
vt 0.436544 0.696536
vt 0.209188 0.724193
vt 0.413274 0.741425
vt 0.149733 0.727713
vt 0.172616 0.741586
vt 0.450648 0.717165
vt 0.198257 0.753524
vt 0.488299 0.682982
vt 0.232039 0.764692
vt 0.527153 0.634549
vt 0.266811 0.770902
vt 0.020322 0.564167
vt 0.052358 0.615293
vt 0.564403 0.580780
vt 0.302448 0.771825
vt 0.085106 0.664881
vt 0.338811 0.767575
vt 0.120328 0.704051
vt 0.375790 0.757874
vt 0.016641 0.565564
vt 0.042003 0.621321
vt 0.569273 0.582767
vt 0.537982 0.641763
vt 0.304221 0.810100
vt 0.068550 0.676401
vt 0.346262 0.804081
vt 0.101060 0.723143
vt 0.388229 0.790851
vt 0.130972 0.752685
vt 0.429378 0.769039
vt 0.155516 0.770675
vt 0.468285 0.738210
vt 0.183992 0.786337
vt 0.504550 0.696686
vt 0.222483 0.801045
vt 0.262757 0.809120
vt 0.106798 0.778748
vt 0.132942 0.802590
vt 0.450531 0.798732
vt 0.490380 0.759236
vt 0.164931 0.823673
vt 0.523759 0.709034
vt 0.209741 0.843486
vt 0.549907 0.647617
vt 0.257543 0.854159
vt 0.013454 0.565912
vt 0.030682 0.625838
vt 0.573731 0.583694
vt 0.306985 0.855189
vt 0.049172 0.686093
vt 0.356735 0.846519
vt 0.077610 0.741235
vt 0.405140 0.828071
vt 0.311258 0.909744
vt 0.027272 0.693165
vt 0.371880 0.897130
vt 0.048153 0.757726
vt 0.428585 0.870477
vt 0.074898 0.805478
vt 0.478741 0.830484
vt 0.102297 0.837767
vt 0.518056 0.779362
vt 0.138598 0.867179
vt 0.546263 0.719220
vt 0.192399 0.894417
vt 0.562826 0.651759
vt 0.250744 0.908504
vt 0.010947 0.565446
vt 0.018560 0.628537
vt 0.577439 0.583608
vt 0.517286 0.864103
vt 0.552439 0.796812
vt 0.099925 0.920248
vt 0.572284 0.726123
vt 0.168699 0.957641
vt 0.576527 0.653791
vt 0.241915 0.974982
vt 0.004263 0.568251
vt 0.005946 0.629082
vt 0.580015 0.582694
vt 0.317583 0.977804
vt 0.002767 0.696469
vt 0.394924 0.960169
vt 0.012281 0.770064
vt 0.461642 0.918451
vt 0.031997 0.831407
vt 0.059461 0.875735
vt 0.005255 0.349380
vt 0.036008 0.283146
vt 0.010636 0.276437
vt 0.368491 0.029728
vt 0.408224 0.117740
vt 0.438106 0.062290
vt 0.030868 0.200609
vt 0.066196 0.218830
vt 0.499146 0.107772
vt 0.460080 0.151094
vt 0.100414 0.173845
vt 0.061940 0.143058
vt 0.502990 0.195317
vt 0.542346 0.168847
vt 0.092521 0.101573
vt 0.131342 0.145175
vt 0.570933 0.235510
vt 0.535377 0.248807
vt 0.170733 0.119411
vt 0.139015 0.065014
vt 0.555282 0.308336
vt 0.580015 0.304896
vt 0.208476 0.030652
vt 0.227674 0.097631
vt 0.563887 0.371864
vt 0.576633 0.371371
vt 0.288523 0.015874
vt 0.289026 0.089813
vt 0.001018 0.418329
vt 0.018580 0.351531
vt 0.572767 0.436815
vt 0.350531 0.096846
vt 0.192492 0.165723
vt 0.532930 0.315606
vt 0.239898 0.151133
vt 0.551495 0.374663
vt 0.289336 0.146212
vt 0.003663 0.417694
vt 0.031159 0.355716
vt 0.571932 0.436646
vt 0.338968 0.150752
vt 0.058360 0.293272
vt 0.387078 0.165100
vt 0.093835 0.239227
vt 0.432181 0.189355
vt 0.129024 0.204733
vt 0.472658 0.222458
vt 0.158029 0.183868
vt 0.507185 0.264886
vt 0.371851 0.205641
vt 0.077335 0.305632
vt 0.116221 0.260892
vt 0.411540 0.223610
vt 0.150575 0.234183
vt 0.449127 0.248916
vt 0.177284 0.218600
vt 0.483837 0.282722
vt 0.207716 0.205503
vt 0.513812 0.325459
vt 0.248139 0.195310
vt 0.540016 0.378977
vt 0.289443 0.192030
vt 0.007361 0.417752
vt 0.042764 0.361559
vt 0.567705 0.435536
vt 0.330909 0.195293
vt 0.497261 0.337144
vt 0.218683 0.240212
vt 0.253904 0.232881
vt 0.529558 0.385182
vt 0.289389 0.230645
vt 0.011703 0.418750
vt 0.053289 0.368728
vt 0.566354 0.435571
vt 0.324993 0.233132
vt 0.093374 0.319439
vt 0.360574 0.240867
vt 0.133999 0.282506
vt 0.395924 0.254475
vt 0.166966 0.261715
vt 0.430744 0.274122
vt 0.191518 0.249885
vt 0.464875 0.301169
vt 0.352010 0.271992
vt 0.383887 0.282507
vt 0.179566 0.287367
vt 0.416246 0.297967
vt 0.202233 0.278267
vt 0.449412 0.319723
vt 0.226766 0.270995
vt 0.483127 0.349967
vt 0.258035 0.265616
vt 0.520170 0.392632
vt 0.289221 0.264083
vt 0.013420 0.419777
vt 0.062450 0.377501
vt 0.562771 0.436926
vt 0.320492 0.266051
vt 0.106964 0.334118
vt 0.148203 0.303684
vt 0.511852 0.401079
vt 0.261040 0.294716
vt 0.288978 0.293675
vt 0.020593 0.424966
vt 0.070876 0.386594
vt 0.558988 0.439402
vt 0.316972 0.295274
vt 0.118180 0.349186
vt 0.345376 0.299930
vt 0.159653 0.324215
vt 0.374451 0.308208
vt 0.189301 0.311284
vt 0.404708 0.320505
vt 0.210413 0.304245
vt 0.436755 0.338099
vt 0.232821 0.298712
vt 0.471114 0.363503
vt 0.196696 0.333595
vt 0.395475 0.341848
vt 0.216752 0.328280
vt 0.426347 0.356157
vt 0.237389 0.324017
vt 0.460942 0.377461
vt 0.263236 0.321028
vt 0.504568 0.410323
vt 0.288686 0.320351
vt 0.025297 0.429138
vt 0.078274 0.396320
vt 0.555239 0.442957
vt 0.314160 0.321667
vt 0.127866 0.364347
vt 0.340178 0.325347
vt 0.168749 0.343871
vt 0.366911 0.332027
vt 0.029968 0.433993
vt 0.548316 0.450262
vt 0.845762 0.012142
vt 0.895258 0.104742
vt 0.828648 0.023577
vt 0.814093 0.038132
vt 0.802658 0.055246
vt 0.794781 0.074263
vt 0.790766 0.094450
vt 0.790766 0.115034
vt 0.794781 0.135221
vt 0.802658 0.154238
vt 0.814093 0.171352
vt 0.828648 0.185907
vt 0.845762 0.197342
vt 0.864779 0.205219
vt 0.884967 0.209235
vt 0.905550 0.209235
vt 0.925738 0.205219
vt 0.944754 0.197342
vt 0.961869 0.185907
vt 0.976423 0.171352
vt 0.987859 0.154238
vt 0.995735 0.135221
vt 0.999751 0.115034
vt 0.999751 0.094450
vt 0.995735 0.074262
vt 0.987858 0.055246
vt 0.976423 0.038131
vt 0.961868 0.023577
vt 0.944754 0.012142
vt 0.925738 0.004265
vt 0.905550 0.000249
vt 0.884967 0.000249
vt 0.806336 0.794959
vt 0.904968 0.785244
vt 0.914683 0.883877
vt 0.864779 0.004265
vt 0.696067 0.000249
vt 0.685775 0.104742
vt 0.675483 0.000249
vt 0.655295 0.004265
vt 0.636279 0.012142
vt 0.619164 0.023577
vt 0.604610 0.038132
vt 0.593174 0.055246
vt 0.585298 0.074262
vt 0.581282 0.094450
vt 0.581282 0.115034
vt 0.585297 0.135221
vt 0.593174 0.154238
vt 0.604610 0.171352
vt 0.619164 0.185907
vt 0.636279 0.197342
vt 0.655295 0.205219
vt 0.675483 0.209235
vt 0.696066 0.209235
vt 0.716254 0.205220
vt 0.735271 0.197343
vt 0.752385 0.185907
vt 0.766940 0.171352
vt 0.778375 0.154238
vt 0.786252 0.135221
vt 0.790268 0.115034
vt 0.790268 0.094451
vt 0.786252 0.074263
vt 0.778375 0.055246
vt 0.766940 0.038132
vt 0.752385 0.023577
vt 0.735271 0.012142
vt 0.904968 0.613620
vt 0.806336 0.603906
vt 0.816050 0.505273
vt 0.716254 0.004265
vt 0.636279 0.406826
vt 0.685775 0.314226
vt 0.655295 0.414703
vt 0.675483 0.418719
vt 0.696067 0.418718
vt 0.716254 0.414703
vt 0.735271 0.406826
vt 0.752385 0.395390
vt 0.766940 0.380836
vt 0.778375 0.363721
vt 0.786252 0.344705
vt 0.790268 0.324517
vt 0.790268 0.303934
vt 0.786252 0.283746
vt 0.778375 0.264729
vt 0.766940 0.247615
vt 0.752385 0.233060
vt 0.735271 0.221625
vt 0.716254 0.213748
vt 0.696066 0.209733
vt 0.675483 0.209733
vt 0.655295 0.213748
vt 0.636279 0.221625
vt 0.619164 0.233061
vt 0.604610 0.247615
vt 0.593174 0.264730
vt 0.585297 0.283746
vt 0.581282 0.303934
vt 0.581282 0.324517
vt 0.585297 0.344705
vt 0.593175 0.363722
vt 0.604610 0.380836
vt 0.893545 0.341282
vt 0.798703 0.312513
vt 0.827473 0.217670
vt 0.619165 0.395391
vt 0.766940 0.799804
vt 0.685775 0.733193
vt 0.778375 0.782689
vt 0.786252 0.763673
vt 0.790268 0.743485
vt 0.790268 0.722902
vt 0.786252 0.702714
vt 0.778375 0.683697
vt 0.766940 0.666583
vt 0.752385 0.652028
vt 0.735271 0.640593
vt 0.716254 0.632716
vt 0.696066 0.628700
vt 0.675483 0.628700
vt 0.655295 0.632716
vt 0.636279 0.640593
vt 0.619164 0.652028
vt 0.604610 0.666583
vt 0.593174 0.683697
vt 0.585298 0.702714
vt 0.581282 0.722901
vt 0.581282 0.743485
vt 0.585297 0.763672
vt 0.593174 0.782689
vt 0.604610 0.799803
vt 0.619164 0.814358
vt 0.636279 0.825793
vt 0.655295 0.833670
vt 0.675483 0.837686
vt 0.696066 0.837686
vt 0.716254 0.833670
vt 0.735271 0.825794
vt 0.914683 0.654974
vt 0.904968 0.753606
vt 0.806336 0.743891
vt 0.752385 0.814358
vt 0.696066 0.628202
vt 0.685775 0.523709
vt 0.716254 0.624187
vt 0.735271 0.616310
vt 0.752385 0.604874
vt 0.766939 0.590320
vt 0.778375 0.573205
vt 0.786252 0.554189
vt 0.790268 0.534001
vt 0.790268 0.513418
vt 0.786252 0.493230
vt 0.778375 0.474214
vt 0.766940 0.457099
vt 0.752385 0.442545
vt 0.735271 0.431109
vt 0.716254 0.423232
vt 0.696066 0.419217
vt 0.675483 0.419217
vt 0.655295 0.423232
vt 0.636279 0.431109
vt 0.619164 0.442544
vt 0.604610 0.457099
vt 0.593174 0.474213
vt 0.585297 0.493230
vt 0.581282 0.513418
vt 0.581282 0.534001
vt 0.585297 0.554189
vt 0.593174 0.573205
vt 0.604610 0.590320
vt 0.619164 0.604874
vt 0.636279 0.616310
vt 0.655295 0.624187
vt 0.806336 0.463921
vt 0.816050 0.365289
vt 0.914682 0.375002
vt 0.675483 0.628202
vt 0.904968 0.893591
vt 0.893545 0.901224
vt 0.880853 0.906481
vt 0.867379 0.909161
vt 0.853640 0.909161
vt 0.840166 0.906481
vt 0.827473 0.901224
vt 0.816050 0.893591
vt 0.806336 0.883877
vt 0.798703 0.872454
vt 0.793446 0.859761
vt 0.790766 0.846287
vt 0.790766 0.832549
vt 0.793446 0.819074
vt 0.798703 0.806382
vt 0.816050 0.785244
vt 0.827473 0.777612
vt 0.840165 0.772354
vt 0.853640 0.769674
vt 0.867378 0.769674
vt 0.880852 0.772354
vt 0.893545 0.777611
vt 0.914682 0.794958
vt 0.922315 0.806381
vt 0.927573 0.819074
vt 0.930253 0.832548
vt 0.930253 0.846287
vt 0.927573 0.859761
vt 0.922315 0.872453
vt 0.827473 0.497641
vt 0.840166 0.492383
vt 0.853640 0.489703
vt 0.867378 0.489703
vt 0.880853 0.492383
vt 0.893545 0.497641
vt 0.904968 0.505273
vt 0.914683 0.514988
vt 0.922315 0.526411
vt 0.927573 0.539103
vt 0.930253 0.552578
vt 0.930253 0.566316
vt 0.927573 0.579790
vt 0.922315 0.592483
vt 0.914683 0.603906
vt 0.893545 0.621253
vt 0.880853 0.626510
vt 0.867378 0.629191
vt 0.853640 0.629191
vt 0.840166 0.626510
vt 0.827473 0.621253
vt 0.816050 0.613621
vt 0.798703 0.592483
vt 0.793446 0.579790
vt 0.790766 0.566316
vt 0.790766 0.552578
vt 0.793446 0.539103
vt 0.798703 0.526411
vt 0.806336 0.514988
vt 0.840165 0.212413
vt 0.853640 0.209733
vt 0.867378 0.209733
vt 0.880852 0.212413
vt 0.893545 0.217670
vt 0.904968 0.225303
vt 0.914683 0.235017
vt 0.922315 0.246440
vt 0.927573 0.259133
vt 0.930253 0.272607
vt 0.930253 0.286345
vt 0.927573 0.299820
vt 0.922315 0.312512
vt 0.914683 0.323935
vt 0.904968 0.333650
vt 0.880853 0.346540
vt 0.867378 0.349220
vt 0.853640 0.349220
vt 0.840166 0.346540
vt 0.827473 0.341283
vt 0.816050 0.333650
vt 0.806336 0.323936
vt 0.793446 0.299820
vt 0.790766 0.286346
vt 0.790766 0.272607
vt 0.793446 0.259133
vt 0.798703 0.246440
vt 0.806336 0.235018
vt 0.816050 0.225303
vt 0.798703 0.732469
vt 0.793446 0.719776
vt 0.790766 0.706302
vt 0.790765 0.692563
vt 0.793446 0.679089
vt 0.798703 0.666396
vt 0.806336 0.654973
vt 0.816050 0.645259
vt 0.827473 0.637626
vt 0.840166 0.632369
vt 0.853640 0.629689
vt 0.867378 0.629689
vt 0.880853 0.632369
vt 0.893545 0.637626
vt 0.904968 0.645259
vt 0.922315 0.666397
vt 0.927573 0.679089
vt 0.930253 0.692563
vt 0.930253 0.706302
vt 0.927573 0.719776
vt 0.922315 0.732468
vt 0.914683 0.743891
vt 0.893545 0.761239
vt 0.880853 0.766496
vt 0.867378 0.769176
vt 0.853640 0.769176
vt 0.840166 0.766496
vt 0.827473 0.761238
vt 0.816050 0.753606
vt 0.922315 0.386425
vt 0.927572 0.399118
vt 0.930253 0.412592
vt 0.930253 0.426330
vt 0.927573 0.439805
vt 0.922315 0.452497
vt 0.914683 0.463920
vt 0.904969 0.473635
vt 0.893546 0.481268
vt 0.880853 0.486525
vt 0.867379 0.489206
vt 0.853641 0.489206
vt 0.840166 0.486526
vt 0.827474 0.481268
vt 0.816051 0.473636
vt 0.798703 0.452499
vt 0.793446 0.439806
vt 0.790766 0.426332
vt 0.790766 0.412593
vt 0.793445 0.399119
vt 0.798703 0.386426
vt 0.806335 0.375003
vt 0.827473 0.357656
vt 0.840165 0.352399
vt 0.853639 0.349718
vt 0.867378 0.349718
vt 0.880852 0.352398
vt 0.893545 0.357655
vt 0.904968 0.365288
s 0
usemtl マテリアル
f 481/1/1 23/2/1 482/3/1
f 4/4/2 16/5/2 5/6/2
f 474/7/3 1/8/3 9/9/3
f 8/10/4 482/3/4 23/2/4
f 5/6/5 17/11/5 6/12/5
f 475/13/6 9/9/6 10/14/6
f 6/12/7 18/15/7 478/16/7
f 2/17/8 10/14/8 11/18/8
f 478/16/9 19/19/9 7/20/9
f 476/21/10 11/18/10 12/22/10
f 7/20/11 20/23/11 479/24/11
f 3/25/12 12/22/12 13/26/12
f 479/24/13 21/27/13 480/28/13
f 477/29/14 13/26/14 14/30/14
f 480/28/15 22/31/15 481/1/15
f 4/4/16 14/30/16 15/32/16
f 22/31/17 36/33/17 37/34/17
f 15/32/18 29/35/18 30/36/18
f 22/31/19 38/37/19 23/2/19
f 15/32/20 31/38/20 16/5/20
f 9/9/21 1/39/21 24/40/21
f 8/41/22 23/2/22 38/37/22
f 16/5/23 32/42/23 17/11/23
f 9/9/24 25/43/24 10/14/24
f 17/11/25 33/44/25 18/15/25
f 10/14/26 26/45/26 11/18/26
f 18/15/27 34/46/27 19/19/27
f 11/18/28 27/47/28 12/22/28
f 19/19/29 35/48/29 20/23/29
f 12/22/30 28/49/30 13/26/30
f 21/27/31 35/48/31 36/33/31
f 13/26/32 29/35/32 14/30/32
f 25/43/33 41/50/33 26/45/33
f 34/46/34 48/51/34 49/52/34
f 26/45/35 42/53/35 27/47/35
f 35/48/36 49/52/36 50/54/36
f 27/47/37 43/55/37 28/49/37
f 36/33/38 50/54/38 51/56/38
f 28/49/39 44/57/39 29/35/39
f 36/33/40 52/58/40 37/34/40
f 29/35/41 45/59/41 30/36/41
f 37/34/42 53/60/42 38/37/42
f 30/36/43 46/61/43 31/38/43
f 24/40/44 1/62/44 39/63/44
f 8/64/45 38/37/45 53/60/45
f 32/42/46 46/61/46 47/65/46
f 24/40/47 40/66/47 25/43/47
f 32/42/48 48/51/48 33/44/48
f 45/59/49 59/67/49 60/68/49
f 52/58/50 68/69/50 53/60/50
f 46/61/51 60/68/51 61/70/51
f 39/63/52 1/71/52 54/72/52
f 8/73/53 53/60/53 68/69/53
f 46/61/54 62/74/54 47/65/54
f 39/63/55 55/75/55 40/66/55
f 47/65/56 63/76/56 48/51/56
f 40/66/57 56/77/57 41/50/57
f 49/52/58 63/76/58 64/78/58
f 41/50/59 57/79/59 42/53/59
f 49/52/60 65/80/60 50/54/60
f 42/53/61 58/81/61 43/55/61
f 50/54/62 66/82/62 51/56/62
f 43/55/63 59/67/63 44/57/63
f 51/56/64 67/83/64 52/58/64
f 64/78/65 78/84/65 79/85/65
f 56/77/66 72/86/66 57/79/66
f 64/78/67 80/87/67 65/80/67
f 58/81/68 72/86/68 73/88/68
f 65/80/69 81/89/69 66/82/69
f 58/81/70 74/90/70 59/67/70
f 67/83/71 81/89/71 82/91/71
f 60/68/72 74/90/72 75/92/72
f 67/83/73 83/93/73 68/69/73
f 61/70/74 75/92/74 76/94/74
f 54/72/75 1/95/75 69/96/75
f 8/97/76 68/69/76 83/93/76
f 61/70/77 77/98/77 62/74/77
f 54/72/78 70/99/78 55/75/78
f 62/74/79 78/84/79 63/76/79
f 56/77/80 70/99/80 71/100/80
f 83/93/81 97/101/81 98/102/81
f 76/94/82 90/103/82 91/104/82
f 69/96/83 1/105/83 84/106/83
f 8/107/84 83/93/84 98/102/84
f 76/94/85 92/108/85 77/98/85
f 69/96/86 85/109/86 70/99/86
f 77/98/87 93/110/87 78/84/87
f 70/99/88 86/111/88 71/100/88
f 79/85/89 93/110/89 94/112/89
f 71/100/90 87/113/90 72/86/90
f 79/85/91 95/114/91 80/87/91
f 73/88/92 87/113/92 88/115/92
f 80/87/93 96/116/93 81/89/93
f 73/88/94 89/117/94 74/90/94
f 81/89/95 97/101/95 82/91/95
f 75/92/96 89/117/96 90/103/96
f 86/111/97 102/118/97 87/113/97
f 94/112/98 110/119/98 95/114/98
f 88/115/99 102/118/99 103/120/99
f 96/116/100 110/119/100 111/121/100
f 88/115/101 104/122/101 89/117/101
f 97/101/102 111/121/102 112/123/102
f 90/103/103 104/122/103 105/124/103
f 97/101/104 113/125/104 98/102/104
f 91/104/105 105/124/105 106/126/105
f 84/106/106 1/127/106 99/128/106
f 8/129/107 98/102/107 113/125/107
f 91/104/108 107/130/108 92/108/108
f 84/106/109 100/131/109 85/109/109
f 92/108/110 108/132/110 93/110/110
f 85/109/111 101/133/111 86/111/111
f 94/112/112 108/132/112 109/134/112
f 106/126/113 120/135/113 121/136/113
f 99/128/114 1/137/114 114/138/114
f 8/139/115 113/125/115 128/140/115
f 106/126/116 122/141/116 107/130/116
f 99/128/117 115/142/117 100/131/117
f 107/130/118 123/143/118 108/132/118
f 100/131/119 116/144/119 101/133/119
f 109/134/120 123/143/120 124/145/120
f 101/133/121 117/146/121 102/118/121
f 109/134/122 125/147/122 110/119/122
f 103/120/123 117/146/123 118/148/123
f 111/121/124 125/147/124 126/149/124
f 103/120/125 119/150/125 104/122/125
f 111/121/126 127/151/126 112/123/126
f 105/124/127 119/150/127 120/135/127
f 112/123/128 128/140/128 113/125/128
f 124/145/129 140/152/129 125/147/129
f 118/148/130 132/153/130 133/154/130
f 126/149/131 140/152/131 141/155/131
f 118/148/132 134/156/132 119/150/132
f 126/149/133 142/157/133 127/151/133
f 120/135/134 134/156/134 135/158/134
f 127/151/135 143/159/135 128/140/135
f 121/136/136 135/158/136 136/160/136
f 114/138/137 1/161/137 129/162/137
f 8/163/138 128/140/138 143/159/138
f 121/136/139 137/164/139 122/141/139
f 115/142/140 129/162/140 130/165/140
f 122/141/141 138/166/141 123/143/141
f 116/144/142 130/165/142 131/167/142
f 124/145/143 138/166/143 139/168/143
f 116/144/144 132/153/144 117/146/144
f 8/169/145 143/159/145 158/170/145
f 136/160/146 152/171/146 137/164/146
f 129/162/147 145/172/147 130/165/147
f 137/164/148 153/173/148 138/166/148
f 130/165/149 146/174/149 131/167/149
f 139/168/150 153/173/150 154/175/150
f 131/167/151 147/176/151 132/153/151
f 139/168/152 155/177/152 140/152/152
f 133/154/153 147/176/153 148/178/153
f 141/155/154 155/177/154 156/179/154
f 133/154/155 149/180/155 134/156/155
f 141/155/156 157/181/156 142/157/156
f 135/158/157 149/180/157 150/182/157
f 143/159/158 157/181/158 158/170/158
f 136/160/159 150/182/159 151/183/159
f 129/162/160 1/184/160 144/185/160
f 156/179/161 170/186/161 171/187/161
f 148/178/162 164/188/162 149/180/162
f 156/179/163 172/189/163 157/181/163
f 150/182/164 164/188/164 165/190/164
f 157/181/165 173/191/165 158/170/165
f 151/183/166 165/190/166 166/192/166
f 144/185/167 1/193/167 159/194/167
f 8/195/168 158/170/168 173/191/168
f 151/183/169 167/196/169 152/171/169
f 144/185/170 160/197/170 145/172/170
f 152/171/171 168/198/171 153/173/171
f 145/172/172 161/199/172 146/174/172
f 154/175/173 168/198/173 169/200/173
f 146/174/174 162/201/174 147/176/174
f 154/175/175 170/186/175 155/177/175
f 148/178/176 162/201/176 163/202/176
f 159/194/177 175/203/177 160/197/177
f 167/196/178 183/204/178 168/198/178
f 160/197/179 176/205/179 161/199/179
f 169/200/180 183/204/180 184/206/180
f 161/199/181 177/207/181 162/201/181
f 169/200/182 185/208/182 170/186/182
f 163/202/183 177/207/183 178/209/183
f 170/186/184 186/210/184 171/187/184
f 163/202/185 179/211/185 164/188/185
f 172/189/186 186/210/186 187/212/186
f 165/190/187 179/211/187 180/213/187
f 173/191/188 187/212/188 188/214/188
f 166/192/189 180/213/189 181/215/189
f 159/194/190 1/216/190 174/217/190
f 8/218/191 173/191/191 188/214/191
f 166/192/192 182/219/192 167/196/192
f 178/209/193 194/220/193 179/211/193
f 186/210/194 202/221/194 187/212/194
f 180/213/195 194/220/195 195/222/195
f 187/212/196 203/223/196 188/214/196
f 181/215/197 195/222/197 196/224/197
f 174/217/198 1/225/198 189/226/198
f 8/227/199 188/214/199 203/223/199
f 181/215/200 197/228/200 182/219/200
f 175/203/201 189/226/201 190/229/201
f 182/219/202 198/230/202 183/204/202
f 175/203/203 191/231/203 176/205/203
f 184/206/204 198/230/204 199/232/204
f 176/205/205 192/233/205 177/207/205
f 184/206/206 200/234/206 185/208/206
f 178/209/207 192/233/207 193/235/207
f 186/210/208 200/234/208 201/236/208
f 197/228/209 213/237/209 198/230/209
f 190/229/210 206/238/210 191/231/210
f 199/232/211 213/237/211 214/239/211
f 191/231/212 207/240/212 192/233/212
f 199/232/213 215/241/213 200/234/213
f 193/235/214 207/240/214 208/242/214
f 201/236/215 215/241/215 216/243/215
f 193/235/216 209/244/216 194/220/216
f 201/236/217 217/245/217 202/221/217
f 195/222/218 209/244/218 210/246/218
f 202/221/219 218/247/219 203/223/219
f 196/224/220 210/246/220 211/248/220
f 189/226/221 1/249/221 204/250/221
f 8/251/222 203/223/222 218/247/222
f 196/224/223 212/252/223 197/228/223
f 189/226/224 205/253/224 190/229/224
f 216/243/225 232/254/225 217/245/225
f 210/246/226 224/255/226 225/256/226
f 217/245/227 233/257/227 218/247/227
f 211/248/228 225/256/228 226/258/228
f 204/250/229 1/259/229 219/260/229
f 8/261/230 218/247/230 233/257/230
f 211/248/231 227/262/231 212/252/231
f 204/250/232 220/263/232 205/253/232
f 212/252/233 228/264/233 213/237/233
f 205/253/234 221/265/234 206/238/234
f 214/239/235 228/264/235 229/266/235
f 206/238/236 222/267/236 207/240/236
f 214/239/237 230/268/237 215/241/237
f 208/242/238 222/267/238 223/269/238
f 216/243/239 230/268/239 231/270/239
f 208/242/240 224/255/240 209/244/240
f 220/263/241 236/271/241 221/265/241
f 229/266/242 243/272/242 244/273/242
f 221/265/243 237/274/243 222/267/243
f 229/266/244 245/275/244 230/268/244
f 223/269/245 237/274/245 238/276/245
f 231/270/246 245/275/246 246/277/246
f 223/269/247 239/278/247 224/255/247
f 231/270/248 247/279/248 232/254/248
f 225/256/249 239/278/249 240/280/249
f 233/257/250 247/279/250 248/281/250
f 226/258/251 240/280/251 241/282/251
f 219/260/252 1/283/252 234/284/252
f 8/285/253 233/257/253 248/281/253
f 226/258/254 242/286/254 227/262/254
f 219/260/255 235/287/255 220/263/255
f 227/262/256 243/272/256 228/264/256
f 240/280/257 254/288/257 255/289/257
f 247/279/258 263/290/258 248/281/258
f 241/282/259 255/289/259 256/291/259
f 234/284/260 1/292/260 249/293/260
f 8/294/261 248/281/261 263/290/261
f 241/282/262 257/295/262 242/286/262
f 235/287/263 249/293/263 250/296/263
f 242/286/264 258/297/264 243/272/264
f 236/271/265 250/296/265 251/298/265
f 244/273/266 258/297/266 259/299/266
f 236/271/267 252/300/267 237/274/267
f 244/273/268 260/301/268 245/275/268
f 238/276/269 252/300/269 253/302/269
f 246/277/270 260/301/270 261/303/270
f 238/276/271 254/288/271 239/278/271
f 246/277/272 262/304/272 247/279/272
f 259/299/273 273/305/273 274/306/273
f 251/298/274 267/307/274 252/300/274
f 259/299/275 275/308/275 260/301/275
f 253/302/276 267/307/276 268/309/276
f 261/303/277 275/308/277 276/310/277
f 253/302/278 269/311/278 254/288/278
f 261/303/279 277/312/279 262/304/279
f 255/289/280 269/311/280 270/313/280
f 262/304/281 278/314/281 263/290/281
f 256/291/282 270/313/282 271/315/282
f 249/293/283 1/316/283 264/317/283
f 8/318/284 263/290/284 278/314/284
f 256/291/285 272/319/285 257/295/285
f 249/293/286 265/320/286 250/296/286
f 257/295/287 273/305/287 258/297/287
f 250/296/288 266/321/288 251/298/288
f 278/314/289 292/322/289 293/323/289
f 271/315/290 285/324/290 286/325/290
f 264/317/291 1/326/291 279/327/291
f 8/328/292 278/314/292 293/323/292
f 271/315/293 287/329/293 272/319/293
f 264/317/294 280/330/294 265/320/294
f 272/319/295 288/331/295 273/305/295
f 265/320/296 281/332/296 266/321/296
f 274/306/297 288/331/297 289/333/297
f 266/321/298 282/334/298 267/307/298
f 274/306/299 290/335/299 275/308/299
f 268/309/300 282/334/300 283/336/300
f 276/310/301 290/335/301 291/337/301
f 268/309/302 284/338/302 269/311/302
f 276/310/303 292/322/303 277/312/303
f 270/313/304 284/338/304 285/324/304
f 289/333/305 305/339/305 290/335/305
f 283/336/306 297/340/306 298/341/306
f 291/337/307 305/339/307 306/342/307
f 283/336/308 299/343/308 284/338/308
f 291/337/309 307/344/309 292/322/309
f 285/324/310 299/343/310 300/345/310
f 293/323/311 307/344/311 308/346/311
f 286/325/312 300/345/312 301/347/312
f 279/327/313 1/348/313 294/349/313
f 8/350/314 293/323/314 308/346/314
f 286/325/315 302/351/315 287/329/315
f 280/330/316 294/349/316 295/352/316
f 287/329/317 303/353/317 288/331/317
f 280/330/318 296/354/318 281/332/318
f 289/333/319 303/353/319 304/355/319
f 281/332/320 297/340/320 282/334/320
f 294/349/321 1/356/321 309/357/321
f 8/358/322 308/346/322 323/359/322
f 301/347/323 317/360/323 302/351/323
f 294/349/324 310/361/324 295/352/324
f 302/351/325 318/362/325 303/353/325
f 295/352/326 311/363/326 296/354/326
f 304/355/327 318/362/327 319/364/327
f 296/354/328 312/365/328 297/340/328
f 304/355/329 320/366/329 305/339/329
f 298/341/330 312/365/330 313/367/330
f 306/342/331 320/366/331 321/368/331
f 298/341/332 314/369/332 299/343/332
f 306/342/333 322/370/333 307/344/333
f 300/345/334 314/369/334 315/371/334
f 307/344/335 323/359/335 308/346/335
f 301/347/336 315/371/336 316/372/336
f 313/367/337 327/373/337 328/374/337
f 321/368/338 335/375/338 336/376/338
f 313/367/339 329/377/339 314/369/339
f 321/368/340 337/378/340 322/370/340
f 315/371/341 329/377/341 330/379/341
f 322/370/342 338/380/342 323/359/342
f 316/372/343 330/379/343 331/381/343
f 309/357/344 1/382/344 324/383/344
f 8/384/345 323/359/345 338/380/345
f 316/372/346 332/385/346 317/360/346
f 309/357/347 325/386/347 310/361/347
f 317/360/348 333/387/348 318/362/348
f 310/361/349 326/388/349 311/363/349
f 319/364/350 333/387/350 334/389/350
f 311/363/351 327/373/351 312/365/351
f 319/364/352 335/375/352 320/366/352
f 331/381/353 347/390/353 332/385/353
f 324/383/354 340/391/354 325/386/354
f 332/385/355 348/392/355 333/387/355
f 326/388/356 340/391/356 341/393/356
f 334/389/357 348/392/357 349/394/357
f 326/388/358 342/395/358 327/373/358
f 334/389/359 350/396/359 335/375/359
f 328/374/360 342/395/360 343/397/360
f 336/376/361 350/396/361 351/398/361
f 328/374/362 344/399/362 329/377/362
f 336/376/363 352/400/363 337/378/363
f 330/379/364 344/399/364 345/401/364
f 337/378/365 353/402/365 338/380/365
f 331/381/366 345/401/366 346/403/366
f 324/383/367 1/404/367 339/405/367
f 8/406/368 338/380/368 353/402/368
f 351/398/369 365/407/369 366/408/369
f 343/397/370 359/409/370 344/399/370
f 351/398/371 367/410/371 352/400/371
f 345/401/372 359/409/372 360/411/372
f 352/400/373 368/412/373 353/402/373
f 346/403/374 360/411/374 361/413/374
f 339/405/375 1/414/375 354/415/375
f 8/416/376 353/402/376 368/412/376
f 346/403/377 362/417/377 347/390/377
f 340/391/378 354/415/378 355/418/378
f 347/390/379 363/419/379 348/392/379
f 341/393/380 355/418/380 356/420/380
f 349/394/381 363/419/381 364/421/381
f 341/393/382 357/422/382 342/395/382
f 349/394/383 365/407/383 350/396/383
f 343/397/384 357/422/384 358/423/384
f 354/424/385 370/425/385 355/426/385
f 362/427/386 378/428/386 363/429/386
f 356/430/387 370/425/387 371/431/387
f 364/432/388 378/428/388 379/433/388
f 356/430/389 372/434/389 357/435/389
f 364/432/390 380/436/390 365/437/390
f 358/438/391 372/434/391 373/439/391
f 366/440/392 380/436/392 381/441/392
f 358/438/393 374/442/393 359/443/393
f 366/440/394 382/444/394 367/445/394
f 360/446/395 374/442/395 375/447/395
f 367/445/396 383/448/396 368/449/396
f 361/450/397 375/447/397 376/451/397
f 354/424/398 1/452/398 369/453/398
f 8/454/399 368/449/399 383/448/399
f 361/450/400 377/455/400 362/427/400
f 373/439/401 389/456/401 374/442/401
f 381/441/402 397/457/402 382/444/402
f 375/447/403 389/456/403 390/458/403
f 382/444/404 398/459/404 383/448/404
f 376/451/405 390/458/405 391/460/405
f 369/453/406 1/461/406 384/462/406
f 8/463/407 383/448/407 398/459/407
f 376/451/408 392/464/408 377/455/408
f 369/453/409 385/465/409 370/425/409
f 377/455/410 393/466/410 378/428/410
f 371/431/411 385/465/411 386/467/411
f 379/433/412 393/466/412 394/468/412
f 371/431/413 387/469/413 372/434/413
f 379/433/414 395/470/414 380/436/414
f 373/439/415 387/469/415 388/471/415
f 381/441/416 395/470/416 396/472/416
f 392/464/417 408/473/417 393/466/417
f 386/467/418 400/474/418 401/475/418
f 394/468/419 408/473/419 409/476/419
f 386/467/420 402/477/420 387/469/420
f 394/468/421 410/478/421 395/470/421
f 388/471/422 402/477/422 403/479/422
f 396/472/423 410/478/423 411/480/423
f 388/471/424 404/481/424 389/456/424
f 397/457/425 411/480/425 412/482/425
f 390/458/426 404/481/426 405/483/426
f 397/457/427 413/484/427 398/459/427
f 391/460/428 405/483/428 406/485/428
f 384/462/429 1/486/429 399/487/429
f 8/488/430 398/459/430 413/484/430
f 391/460/431 407/489/431 392/464/431
f 384/462/432 400/474/432 385/465/432
f 411/480/433 427/490/433 412/482/433
f 405/483/434 419/491/434 420/492/434
f 412/482/435 428/493/435 413/484/435
f 406/485/436 420/492/436 421/494/436
f 399/487/437 1/495/437 414/496/437
f 8/497/438 413/484/438 428/493/438
f 406/485/439 422/498/439 407/489/439
f 399/487/440 415/499/440 400/474/440
f 407/489/441 423/500/441 408/473/441
f 400/474/442 416/501/442 401/475/442
f 409/476/443 423/500/443 424/502/443
f 401/475/444 417/503/444 402/477/444
f 409/476/445 425/504/445 410/478/445
f 403/479/446 417/503/446 418/505/446
f 411/480/447 425/504/447 426/506/447
f 403/479/448 419/491/448 404/481/448
f 424/502/449 438/507/449 439/508/449
f 416/501/450 432/509/450 417/503/450
f 424/502/451 440/510/451 425/504/451
f 418/505/452 432/509/452 433/511/452
f 426/506/453 440/510/453 441/512/453
f 418/505/454 434/513/454 419/491/454
f 426/506/455 442/514/455 427/490/455
f 420/492/456 434/513/456 435/515/456
f 427/490/457 443/516/457 428/493/457
f 421/494/458 435/515/458 436/517/458
f 414/496/459 1/518/459 429/519/459
f 8/520/460 428/493/460 443/516/460
f 421/494/461 437/521/461 422/498/461
f 414/496/462 430/522/462 415/499/462
f 422/498/463 438/507/463 423/500/463
f 416/501/464 430/522/464 431/523/464
f 442/514/465 458/524/465 443/516/465
f 436/517/466 450/525/466 451/526/466
f 429/519/467 1/527/467 444/528/467
f 8/529/468 443/516/468 458/524/468
f 436/517/469 452/530/469 437/521/469
f 429/519/470 445/531/470 430/522/470
f 437/521/471 453/532/471 438/507/471
f 431/523/472 445/531/472 446/533/472
f 439/508/473 453/532/473 454/534/473
f 431/523/474 447/535/474 432/509/474
f 439/508/475 455/536/475 440/510/475
f 433/511/476 447/535/476 448/537/476
f 441/512/477 455/536/477 456/538/477
f 433/511/478 449/539/478 434/513/478
f 441/512/479 457/540/479 442/514/479
f 435/515/480 449/539/480 450/525/480
f 446/533/481 462/541/481 447/535/481
f 454/534/482 470/542/482 455/536/482
f 448/537/483 462/541/483 463/543/483
f 456/538/484 470/542/484 471/544/484
f 448/537/485 464/545/485 449/539/485
f 456/538/486 472/546/486 457/540/486
f 450/525/487 464/545/487 465/547/487
f 458/524/488 472/546/488 473/548/488
f 451/526/489 465/547/489 466/549/489
f 444/528/490 1/550/490 459/551/490
f 8/552/491 458/524/491 473/548/491
f 451/526/492 467/553/492 452/530/492
f 444/528/493 460/554/493 445/531/493
f 452/530/494 468/555/494 453/532/494
f 445/531/495 461/556/495 446/533/495
f 454/534/496 468/555/496 469/557/496
f 466/549/497 4/4/497 5/6/497
f 459/551/498 1/558/498 474/7/498
f 8/559/499 473/548/499 482/3/499
f 466/549/500 6/12/500 467/553/500
f 460/554/501 474/7/501 475/13/501
f 467/553/502 478/16/502 468/555/502
f 461/556/503 475/13/503 2/17/503
f 468/555/504 7/20/504 469/557/504
f 462/541/505 2/17/505 476/21/505
f 469/557/506 479/24/506 470/542/506
f 462/541/507 3/25/507 463/543/507
f 471/544/508 479/24/508 480/28/508
f 463/543/509 477/29/509 464/545/509
f 471/544/510 481/1/510 472/546/510
f 465/547/511 477/29/511 4/4/511
f 472/546/512 482/3/512 473/548/512
f 483/560/513 515/561/513 484/562/513
f 484/562/514 515/561/514 485/563/514
f 485/563/515 515/561/515 486/564/515
f 486/564/516 515/561/516 487/565/516
f 487/565/517 515/561/517 488/566/517
f 488/566/518 515/561/518 489/567/518
f 489/567/519 515/561/519 490/568/519
f 490/568/520 515/561/520 491/569/520
f 491/569/521 515/561/521 492/570/521
f 492/570/522 515/561/522 493/571/522
f 493/571/523 515/561/523 494/572/523
f 494/572/524 515/561/524 495/573/524
f 495/573/525 515/561/525 496/574/525
f 496/574/526 515/561/526 497/575/526
f 497/575/527 515/561/527 498/576/527
f 498/576/528 515/561/528 499/577/528
f 499/577/529 515/561/529 500/578/529
f 500/578/530 515/561/530 501/579/530
f 501/579/531 515/561/531 502/580/531
f 502/580/532 515/561/532 503/581/532
f 503/581/533 515/561/533 504/582/533
f 504/582/534 515/561/534 505/583/534
f 505/583/535 515/561/535 506/584/535
f 506/584/536 515/561/536 507/585/536
f 507/585/537 515/561/537 508/586/537
f 508/586/538 515/561/538 509/587/538
f 509/587/539 515/561/539 510/588/539
f 510/588/540 515/561/540 511/589/540
f 511/589/541 515/561/541 512/590/541
f 512/590/542 515/561/542 513/591/542
f 498/592/543 506/593/543 514/594/543
f 513/591/544 515/561/544 514/595/544
f 514/595/545 515/561/545 483/560/545
f 516/596/546 548/597/546 517/598/546
f 517/598/547 548/597/547 518/599/547
f 518/599/548 548/597/548 519/600/548
f 519/600/549 548/597/549 520/601/549
f 520/601/550 548/597/550 521/602/550
f 521/602/551 548/597/551 522/603/551
f 522/603/552 548/597/552 523/604/552
f 523/604/553 548/597/553 524/605/553
f 524/605/554 548/597/554 525/606/554
f 525/606/555 548/597/555 526/607/555
f 526/607/556 548/597/556 527/608/556
f 527/608/557 548/597/557 528/609/557
f 528/609/558 548/597/558 529/610/558
f 529/610/559 548/597/559 530/611/559
f 530/611/560 548/597/560 531/612/560
f 531/612/561 548/597/561 532/613/561
f 532/613/562 548/597/562 533/614/562
f 533/614/563 548/597/563 534/615/563
f 534/615/564 548/597/564 535/616/564
f 535/616/565 548/597/565 536/617/565
f 536/617/566 548/597/566 537/618/566
f 537/618/567 548/597/567 538/619/567
f 538/619/568 548/597/568 539/620/568
f 539/620/569 548/597/569 540/621/569
f 540/621/570 548/597/570 541/622/570
f 541/622/571 548/597/571 542/623/571
f 542/623/572 548/597/572 543/624/572
f 543/624/573 548/597/573 544/625/573
f 544/625/574 548/597/574 545/626/574
f 545/626/575 548/597/575 546/627/575
f 531/628/576 539/629/576 547/630/576
f 546/627/577 548/597/577 547/631/577
f 547/631/578 548/597/578 516/596/578
f 549/632/579 581/633/579 550/634/579
f 550/634/580 581/633/580 551/635/580
f 551/635/581 581/633/581 552/636/581
f 552/636/582 581/633/582 553/637/582
f 553/637/583 581/633/583 554/638/583
f 554/638/584 581/633/584 555/639/584
f 555/639/585 581/633/585 556/640/585
f 556/640/586 581/633/586 557/641/586
f 557/641/587 581/633/587 558/642/587
f 558/642/588 581/633/588 559/643/588
f 559/643/589 581/633/589 560/644/589
f 560/644/590 581/633/590 561/645/590
f 561/645/591 581/633/591 562/646/591
f 562/646/592 581/633/592 563/647/592
f 563/647/593 581/633/593 564/648/593
f 564/648/594 581/633/594 565/649/594
f 565/649/595 581/633/595 566/650/595
f 566/650/596 581/633/596 567/651/596
f 567/651/597 581/633/597 568/652/597
f 568/652/598 581/633/598 569/653/598
f 569/653/599 581/633/599 570/654/599
f 570/654/600 581/633/600 571/655/600
f 571/655/601 581/633/601 572/656/601
f 572/656/602 581/633/602 573/657/602
f 573/657/603 581/633/603 574/658/603
f 574/658/604 581/633/604 575/659/604
f 575/659/605 581/633/605 576/660/605
f 576/660/606 581/633/606 577/661/606
f 577/661/607 581/633/607 578/662/607
f 578/662/608 581/633/608 579/663/608
f 564/664/609 572/665/609 580/666/609
f 579/663/610 581/633/610 580/667/610
f 580/667/611 581/633/611 549/632/611
f 582/668/612 614/669/612 583/670/612
f 583/670/613 614/669/613 584/671/613
f 584/671/614 614/669/614 585/672/614
f 585/672/615 614/669/615 586/673/615
f 586/673/616 614/669/616 587/674/616
f 587/674/617 614/669/617 588/675/617
f 588/675/618 614/669/618 589/676/618
f 589/676/619 614/669/619 590/677/619
f 590/677/620 614/669/620 591/678/620
f 591/678/621 614/669/621 592/679/621
f 592/679/622 614/669/622 593/680/622
f 593/680/623 614/669/623 594/681/623
f 594/681/624 614/669/624 595/682/624
f 595/682/625 614/669/625 596/683/625
f 596/683/626 614/669/626 597/684/626
f 597/684/627 614/669/627 598/685/627
f 598/685/628 614/669/628 599/686/628
f 599/686/629 614/669/629 600/687/629
f 600/687/630 614/669/630 601/688/630
f 601/688/631 614/669/631 602/689/631
f 602/689/632 614/669/632 603/690/632
f 603/690/633 614/669/633 604/691/633
f 604/691/634 614/669/634 605/692/634
f 605/692/635 614/669/635 606/693/635
f 606/693/636 614/669/636 607/694/636
f 607/694/637 614/669/637 608/695/637
f 608/695/638 614/669/638 609/696/638
f 609/696/639 614/669/639 610/697/639
f 610/697/640 614/669/640 611/698/640
f 611/698/641 614/669/641 612/699/641
f 597/700/642 605/701/642 613/702/642
f 612/699/643 614/669/643 613/703/643
f 613/703/644 614/669/644 582/668/644
f 615/704/645 647/705/645 616/706/645
f 616/706/646 647/705/646 617/707/646
f 617/707/647 647/705/647 618/708/647
f 618/708/648 647/705/648 619/709/648
f 619/709/649 647/705/649 620/710/649
f 620/710/650 647/705/650 621/711/650
f 621/711/651 647/705/651 622/712/651
f 622/712/652 647/705/652 623/713/652
f 623/713/653 647/705/653 624/714/653
f 624/714/654 647/705/654 625/715/654
f 625/715/655 647/705/655 626/716/655
f 626/716/656 647/705/656 627/717/656
f 627/717/657 647/705/657 628/718/657
f 628/718/658 647/705/658 629/719/658
f 629/719/659 647/705/659 630/720/659
f 630/720/660 647/705/660 631/721/660
f 631/721/661 647/705/661 632/722/661
f 632/722/662 647/705/662 633/723/662
f 633/723/663 647/705/663 634/724/663
f 634/724/664 647/705/664 635/725/664
f 635/725/665 647/705/665 636/726/665
f 636/726/666 647/705/666 637/727/666
f 637/727/667 647/705/667 638/728/667
f 638/728/668 647/705/668 639/729/668
f 639/729/669 647/705/669 640/730/669
f 640/730/670 647/705/670 641/731/670
f 641/731/671 647/705/671 642/732/671
f 642/732/672 647/705/672 643/733/672
f 643/733/673 647/705/673 644/734/673
f 644/734/674 647/705/674 645/735/674
f 630/736/675 638/737/675 646/738/675
f 645/735/676 647/705/676 646/739/676
f 646/739/677 647/705/677 615/704/677
f 481/1/1 22/31/1 23/2/1
f 4/4/678 15/32/678 16/5/678
f 5/6/679 16/5/679 17/11/679
f 475/13/6 474/7/6 9/9/6
f 6/12/7 17/11/7 18/15/7
f 2/17/8 475/13/8 10/14/8
f 478/16/9 18/15/9 19/19/9
f 476/21/10 2/17/10 11/18/10
f 7/20/11 19/19/11 20/23/11
f 3/25/680 476/21/680 12/22/680
f 479/24/13 20/23/13 21/27/13
f 477/29/681 3/25/681 13/26/681
f 480/28/15 21/27/15 22/31/15
f 4/4/16 477/29/16 14/30/16
f 22/31/17 21/27/17 36/33/17
f 15/32/18 14/30/18 29/35/18
f 22/31/19 37/34/19 38/37/19
f 15/32/20 30/36/20 31/38/20
f 16/5/23 31/38/23 32/42/23
f 9/9/24 24/40/24 25/43/24
f 17/11/25 32/42/25 33/44/25
f 10/14/26 25/43/26 26/45/26
f 18/15/27 33/44/27 34/46/27
f 11/18/28 26/45/28 27/47/28
f 19/19/29 34/46/29 35/48/29
f 12/22/30 27/47/30 28/49/30
f 21/27/31 20/23/31 35/48/31
f 13/26/32 28/49/32 29/35/32
f 25/43/33 40/66/33 41/50/33
f 34/46/34 33/44/34 48/51/34
f 26/45/35 41/50/35 42/53/35
f 35/48/36 34/46/36 49/52/36
f 27/47/37 42/53/37 43/55/37
f 36/33/38 35/48/38 50/54/38
f 28/49/39 43/55/39 44/57/39
f 36/33/682 51/56/682 52/58/682
f 29/35/41 44/57/41 45/59/41
f 37/34/42 52/58/42 53/60/42
f 30/36/43 45/59/43 46/61/43
f 32/42/46 31/38/46 46/61/46
f 24/40/683 39/63/683 40/66/683
f 32/42/48 47/65/48 48/51/48
f 45/59/49 44/57/49 59/67/49
f 52/58/50 67/83/50 68/69/50
f 46/61/51 45/59/51 60/68/51
f 46/61/54 61/70/54 62/74/54
f 39/63/55 54/72/55 55/75/55
f 47/65/56 62/74/56 63/76/56
f 40/66/57 55/75/57 56/77/57
f 49/52/58 48/51/58 63/76/58
f 41/50/59 56/77/59 57/79/59
f 49/52/60 64/78/60 65/80/60
f 42/53/61 57/79/61 58/81/61
f 50/54/62 65/80/62 66/82/62
f 43/55/63 58/81/63 59/67/63
f 51/56/64 66/82/64 67/83/64
f 64/78/65 63/76/65 78/84/65
f 56/77/66 71/100/66 72/86/66
f 64/78/67 79/85/67 80/87/67
f 58/81/68 57/79/68 72/86/68
f 65/80/69 80/87/69 81/89/69
f 58/81/70 73/88/70 74/90/70
f 67/83/71 66/82/71 81/89/71
f 60/68/72 59/67/72 74/90/72
f 67/83/684 82/91/684 83/93/684
f 61/70/74 60/68/74 75/92/74
f 61/70/77 76/94/77 77/98/77
f 54/72/78 69/96/78 70/99/78
f 62/74/79 77/98/79 78/84/79
f 56/77/80 55/75/80 70/99/80
f 83/93/81 82/91/81 97/101/81
f 76/94/82 75/92/82 90/103/82
f 76/94/85 91/104/85 92/108/85
f 69/96/86 84/106/86 85/109/86
f 77/98/87 92/108/87 93/110/87
f 70/99/88 85/109/88 86/111/88
f 79/85/89 78/84/89 93/110/89
f 71/100/90 86/111/90 87/113/90
f 79/85/91 94/112/91 95/114/91
f 73/88/92 72/86/92 87/113/92
f 80/87/93 95/114/93 96/116/93
f 73/88/94 88/115/94 89/117/94
f 81/89/95 96/116/95 97/101/95
f 75/92/96 74/90/96 89/117/96
f 86/111/97 101/133/97 102/118/97
f 94/112/98 109/134/98 110/119/98
f 88/115/99 87/113/99 102/118/99
f 96/116/100 95/114/100 110/119/100
f 88/115/101 103/120/101 104/122/101
f 97/101/102 96/116/102 111/121/102
f 90/103/103 89/117/103 104/122/103
f 97/101/104 112/123/104 113/125/104
f 91/104/105 90/103/105 105/124/105
f 91/104/108 106/126/108 107/130/108
f 84/106/109 99/128/109 100/131/109
f 92/108/110 107/130/110 108/132/110
f 85/109/111 100/131/111 101/133/111
f 94/112/112 93/110/112 108/132/112
f 106/126/113 105/124/113 120/135/113
f 106/126/116 121/136/116 122/141/116
f 99/128/117 114/138/117 115/142/117
f 107/130/118 122/141/118 123/143/118
f 100/131/119 115/142/119 116/144/119
f 109/134/120 108/132/120 123/143/120
f 101/133/121 116/144/121 117/146/121
f 109/134/122 124/145/122 125/147/122
f 103/120/123 102/118/123 117/146/123
f 111/121/124 110/119/124 125/147/124
f 103/120/125 118/148/125 119/150/125
f 111/121/126 126/149/126 127/151/126
f 105/124/127 104/122/127 119/150/127
f 112/123/128 127/151/128 128/140/128
f 124/145/129 139/168/129 140/152/129
f 118/148/130 117/146/130 132/153/130
f 126/149/131 125/147/131 140/152/131
f 118/148/132 133/154/132 134/156/132
f 126/149/133 141/155/133 142/157/133
f 120/135/134 119/150/134 134/156/134
f 127/151/135 142/157/135 143/159/135
f 121/136/136 120/135/136 135/158/136
f 121/136/139 136/160/139 137/164/139
f 115/142/140 114/138/140 129/162/140
f 122/141/141 137/164/141 138/166/141
f 116/144/142 115/142/142 130/165/142
f 124/145/143 123/143/143 138/166/143
f 116/144/144 131/167/144 132/153/144
f 136/160/146 151/183/146 152/171/146
f 129/162/147 144/185/147 145/172/147
f 137/164/148 152/171/148 153/173/148
f 130/165/149 145/172/149 146/174/149
f 139/168/150 138/166/150 153/173/150
f 131/167/151 146/174/151 147/176/151
f 139/168/152 154/175/152 155/177/152
f 133/154/153 132/153/153 147/176/153
f 141/155/154 140/152/154 155/177/154
f 133/154/155 148/178/155 149/180/155
f 141/155/156 156/179/156 157/181/156
f 135/158/157 134/156/157 149/180/157
f 143/159/158 142/157/158 157/181/158
f 136/160/159 135/158/159 150/182/159
f 156/179/161 155/177/161 170/186/161
f 148/178/162 163/202/162 164/188/162
f 156/179/685 171/187/685 172/189/685
f 150/182/164 149/180/164 164/188/164
f 157/181/165 172/189/165 173/191/165
f 151/183/166 150/182/166 165/190/166
f 151/183/169 166/192/169 167/196/169
f 144/185/170 159/194/170 160/197/170
f 152/171/171 167/196/171 168/198/171
f 145/172/172 160/197/172 161/199/172
f 154/175/173 153/173/173 168/198/173
f 146/174/174 161/199/174 162/201/174
f 154/175/175 169/200/175 170/186/175
f 148/178/176 147/176/176 162/201/176
f 159/194/177 174/217/177 175/203/177
f 167/196/178 182/219/178 183/204/178
f 160/197/686 175/203/686 176/205/686
f 169/200/180 168/198/180 183/204/180
f 161/199/181 176/205/181 177/207/181
f 169/200/182 184/206/182 185/208/182
f 163/202/183 162/201/183 177/207/183
f 170/186/184 185/208/184 186/210/184
f 163/202/185 178/209/185 179/211/185
f 172/189/186 171/187/186 186/210/186
f 165/190/187 164/188/187 179/211/187
f 173/191/188 172/189/188 187/212/188
f 166/192/189 165/190/189 180/213/189
f 166/192/192 181/215/192 182/219/192
f 178/209/193 193/235/193 194/220/193
f 186/210/194 201/236/194 202/221/194
f 180/213/195 179/211/195 194/220/195
f 187/212/196 202/221/196 203/223/196
f 181/215/197 180/213/197 195/222/197
f 181/215/200 196/224/200 197/228/200
f 175/203/201 174/217/201 189/226/201
f 182/219/202 197/228/202 198/230/202
f 175/203/687 190/229/687 191/231/687
f 184/206/204 183/204/204 198/230/204
f 176/205/205 191/231/205 192/233/205
f 184/206/206 199/232/206 200/234/206
f 178/209/207 177/207/207 192/233/207
f 186/210/208 185/208/208 200/234/208
f 197/228/209 212/252/209 213/237/209
f 190/229/210 205/253/210 206/238/210
f 199/232/211 198/230/211 213/237/211
f 191/231/212 206/238/212 207/240/212
f 199/232/213 214/239/213 215/241/213
f 193/235/214 192/233/214 207/240/214
f 201/236/215 200/234/215 215/241/215
f 193/235/216 208/242/216 209/244/216
f 201/236/688 216/243/688 217/245/688
f 195/222/218 194/220/218 209/244/218
f 202/221/219 217/245/219 218/247/219
f 196/224/220 195/222/220 210/246/220
f 196/224/223 211/248/223 212/252/223
f 189/226/224 204/250/224 205/253/224
f 216/243/225 231/270/225 232/254/225
f 210/246/226 209/244/226 224/255/226
f 217/245/227 232/254/227 233/257/227
f 211/248/228 210/246/228 225/256/228
f 211/248/231 226/258/231 227/262/231
f 204/250/232 219/260/232 220/263/232
f 212/252/233 227/262/233 228/264/233
f 205/253/234 220/263/234 221/265/234
f 214/239/235 213/237/235 228/264/235
f 206/238/236 221/265/236 222/267/236
f 214/239/237 229/266/237 230/268/237
f 208/242/238 207/240/238 222/267/238
f 216/243/239 215/241/239 230/268/239
f 208/242/240 223/269/240 224/255/240
f 220/263/241 235/287/241 236/271/241
f 229/266/242 228/264/242 243/272/242
f 221/265/243 236/271/243 237/274/243
f 229/266/244 244/273/244 245/275/244
f 223/269/245 222/267/245 237/274/245
f 231/270/246 230/268/246 245/275/246
f 223/269/247 238/276/247 239/278/247
f 231/270/248 246/277/248 247/279/248
f 225/256/249 224/255/249 239/278/249
f 233/257/250 232/254/250 247/279/250
f 226/258/251 225/256/251 240/280/251
f 226/258/254 241/282/254 242/286/254
f 219/260/255 234/284/255 235/287/255
f 227/262/256 242/286/256 243/272/256
f 240/280/257 239/278/257 254/288/257
f 247/279/258 262/304/258 263/290/258
f 241/282/689 240/280/689 255/289/689
f 241/282/690 256/291/690 257/295/690
f 235/287/263 234/284/263 249/293/263
f 242/286/264 257/295/264 258/297/264
f 236/271/265 235/287/265 250/296/265
f 244/273/266 243/272/266 258/297/266
f 236/271/267 251/298/267 252/300/267
f 244/273/268 259/299/268 260/301/268
f 238/276/269 237/274/269 252/300/269
f 246/277/270 245/275/270 260/301/270
f 238/276/271 253/302/271 254/288/271
f 246/277/272 261/303/272 262/304/272
f 259/299/273 258/297/273 273/305/273
f 251/298/274 266/321/274 267/307/274
f 259/299/275 274/306/275 275/308/275
f 253/302/276 252/300/276 267/307/276
f 261/303/277 260/301/277 275/308/277
f 253/302/278 268/309/278 269/311/278
f 261/303/279 276/310/279 277/312/279
f 255/289/280 254/288/280 269/311/280
f 262/304/281 277/312/281 278/314/281
f 256/291/282 255/289/282 270/313/282
f 256/291/285 271/315/285 272/319/285
f 249/293/286 264/317/286 265/320/286
f 257/295/287 272/319/287 273/305/287
f 250/296/288 265/320/288 266/321/288
f 278/314/289 277/312/289 292/322/289
f 271/315/290 270/313/290 285/324/290
f 271/315/293 286/325/293 287/329/293
f 264/317/691 279/327/691 280/330/691
f 272/319/295 287/329/295 288/331/295
f 265/320/296 280/330/296 281/332/296
f 274/306/297 273/305/297 288/331/297
f 266/321/298 281/332/298 282/334/298
f 274/306/299 289/333/299 290/335/299
f 268/309/300 267/307/300 282/334/300
f 276/310/301 275/308/301 290/335/301
f 268/309/302 283/336/302 284/338/302
f 276/310/692 291/337/692 292/322/692
f 270/313/304 269/311/304 284/338/304
f 289/333/305 304/355/305 305/339/305
f 283/336/306 282/334/306 297/340/306
f 291/337/307 290/335/307 305/339/307
f 283/336/308 298/341/308 299/343/308
f 291/337/309 306/342/309 307/344/309
f 285/324/310 284/338/310 299/343/310
f 293/323/311 292/322/311 307/344/311
f 286/325/312 285/324/312 300/345/312
f 286/325/315 301/347/315 302/351/315
f 280/330/316 279/327/316 294/349/316
f 287/329/317 302/351/317 303/353/317
f 280/330/318 295/352/318 296/354/318
f 289/333/319 288/331/319 303/353/319
f 281/332/320 296/354/320 297/340/320
f 301/347/323 316/372/323 317/360/323
f 294/349/324 309/357/324 310/361/324
f 302/351/325 317/360/325 318/362/325
f 295/352/326 310/361/326 311/363/326
f 304/355/327 303/353/327 318/362/327
f 296/354/328 311/363/328 312/365/328
f 304/355/329 319/364/329 320/366/329
f 298/341/330 297/340/330 312/365/330
f 306/342/331 305/339/331 320/366/331
f 298/341/332 313/367/332 314/369/332
f 306/342/333 321/368/333 322/370/333
f 300/345/334 299/343/334 314/369/334
f 307/344/693 322/370/693 323/359/693
f 301/347/336 300/345/336 315/371/336
f 313/367/337 312/365/337 327/373/337
f 321/368/338 320/366/338 335/375/338
f 313/367/339 328/374/339 329/377/339
f 321/368/694 336/376/694 337/378/694
f 315/371/341 314/369/341 329/377/341
f 322/370/342 337/378/342 338/380/342
f 316/372/343 315/371/343 330/379/343
f 316/372/346 331/381/346 332/385/346
f 309/357/347 324/383/347 325/386/347
f 317/360/348 332/385/348 333/387/348
f 310/361/349 325/386/349 326/388/349
f 319/364/350 318/362/350 333/387/350
f 311/363/351 326/388/351 327/373/351
f 319/364/352 334/389/352 335/375/352
f 331/381/353 346/403/353 347/390/353
f 324/383/354 339/405/354 340/391/354
f 332/385/355 347/390/355 348/392/355
f 326/388/356 325/386/356 340/391/356
f 334/389/357 333/387/357 348/392/357
f 326/388/358 341/393/358 342/395/358
f 334/389/359 349/394/359 350/396/359
f 328/374/360 327/373/360 342/395/360
f 336/376/361 335/375/361 350/396/361
f 328/374/362 343/397/362 344/399/362
f 336/376/363 351/398/363 352/400/363
f 330/379/364 329/377/364 344/399/364
f 337/378/365 352/400/365 353/402/365
f 331/381/366 330/379/366 345/401/366
f 351/398/369 350/396/369 365/407/369
f 343/397/370 358/423/370 359/409/370
f 351/398/371 366/408/371 367/410/371
f 345/401/372 344/399/372 359/409/372
f 352/400/373 367/410/373 368/412/373
f 346/403/695 345/401/695 360/411/695
f 346/403/696 361/413/696 362/417/696
f 340/391/378 339/405/378 354/415/378
f 347/390/379 362/417/379 363/419/379
f 341/393/380 340/391/380 355/418/380
f 349/394/381 348/392/381 363/419/381
f 341/393/382 356/420/382 357/422/382
f 349/394/383 364/421/383 365/407/383
f 343/397/384 342/395/384 357/422/384
f 354/424/385 369/453/385 370/425/385
f 362/427/386 377/455/386 378/428/386
f 356/430/387 355/426/387 370/425/387
f 364/432/388 363/429/388 378/428/388
f 356/430/389 371/431/389 372/434/389
f 364/432/390 379/433/390 380/436/390
f 358/438/391 357/435/391 372/434/391
f 366/440/392 365/437/392 380/436/392
f 358/438/393 373/439/393 374/442/393
f 366/440/394 381/441/394 382/444/394
f 360/446/395 359/443/395 374/442/395
f 367/445/396 382/444/396 383/448/396
f 361/450/697 360/446/697 375/447/697
f 361/450/698 376/451/698 377/455/698
f 373/439/401 388/471/401 389/456/401
f 381/441/402 396/472/402 397/457/402
f 375/447/403 374/442/403 389/456/403
f 382/444/404 397/457/404 398/459/404
f 376/451/405 375/447/405 390/458/405
f 376/451/408 391/460/408 392/464/408
f 369/453/409 384/462/409 385/465/409
f 377/455/410 392/464/410 393/466/410
f 371/431/411 370/425/411 385/465/411
f 379/433/412 378/428/412 393/466/412
f 371/431/413 386/467/413 387/469/413
f 379/433/414 394/468/414 395/470/414
f 373/439/415 372/434/415 387/469/415
f 381/441/416 380/436/416 395/470/416
f 392/464/417 407/489/417 408/473/417
f 386/467/418 385/465/418 400/474/418
f 394/468/419 393/466/419 408/473/419
f 386/467/420 401/475/420 402/477/420
f 394/468/421 409/476/421 410/478/421
f 388/471/422 387/469/422 402/477/422
f 396/472/423 395/470/423 410/478/423
f 388/471/424 403/479/424 404/481/424
f 397/457/425 396/472/425 411/480/425
f 390/458/426 389/456/426 404/481/426
f 397/457/427 412/482/427 413/484/427
f 391/460/428 390/458/428 405/483/428
f 391/460/431 406/485/431 407/489/431
f 384/462/432 399/487/432 400/474/432
f 411/480/433 426/506/433 427/490/433
f 405/483/434 404/481/434 419/491/434
f 412/482/435 427/490/435 428/493/435
f 406/485/436 405/483/436 420/492/436
f 406/485/439 421/494/439 422/498/439
f 399/487/440 414/496/440 415/499/440
f 407/489/441 422/498/441 423/500/441
f 400/474/442 415/499/442 416/501/442
f 409/476/443 408/473/443 423/500/443
f 401/475/444 416/501/444 417/503/444
f 409/476/445 424/502/445 425/504/445
f 403/479/446 402/477/446 417/503/446
f 411/480/447 410/478/447 425/504/447
f 403/479/448 418/505/448 419/491/448
f 424/502/449 423/500/449 438/507/449
f 416/501/450 431/523/450 432/509/450
f 424/502/451 439/508/451 440/510/451
f 418/505/452 417/503/452 432/509/452
f 426/506/453 425/504/453 440/510/453
f 418/505/454 433/511/454 434/513/454
f 426/506/455 441/512/455 442/514/455
f 420/492/456 419/491/456 434/513/456
f 427/490/457 442/514/457 443/516/457
f 421/494/458 420/492/458 435/515/458
f 421/494/461 436/517/461 437/521/461
f 414/496/462 429/519/462 430/522/462
f 422/498/463 437/521/463 438/507/463
f 416/501/464 415/499/464 430/522/464
f 442/514/465 457/540/465 458/524/465
f 436/517/466 435/515/466 450/525/466
f 436/517/469 451/526/469 452/530/469
f 429/519/699 444/528/699 445/531/699
f 437/521/471 452/530/471 453/532/471
f 431/523/472 430/522/472 445/531/472
f 439/508/473 438/507/473 453/532/473
f 431/523/474 446/533/474 447/535/474
f 439/508/475 454/534/475 455/536/475
f 433/511/476 432/509/476 447/535/476
f 441/512/477 440/510/477 455/536/477
f 433/511/478 448/537/478 449/539/478
f 441/512/479 456/538/479 457/540/479
f 435/515/480 434/513/480 449/539/480
f 446/533/700 461/556/700 462/541/700
f 454/534/482 469/557/482 470/542/482
f 448/537/483 447/535/483 462/541/483
f 456/538/484 455/536/484 470/542/484
f 448/537/485 463/543/485 464/545/485
f 456/538/486 471/544/486 472/546/486
f 450/525/487 449/539/487 464/545/487
f 458/524/488 457/540/488 472/546/488
f 451/526/489 450/525/489 465/547/489
f 451/526/492 466/549/492 467/553/492
f 444/528/493 459/551/493 460/554/493
f 452/530/494 467/553/494 468/555/494
f 445/531/495 460/554/495 461/556/495
f 454/534/496 453/532/496 468/555/496
f 466/549/497 465/547/497 4/4/497
f 466/549/500 5/6/500 6/12/500
f 460/554/501 459/551/501 474/7/501
f 467/553/502 6/12/502 478/16/502
f 461/556/503 460/554/503 475/13/503
f 468/555/504 478/16/504 7/20/504
f 462/541/505 461/556/505 2/17/505
f 469/557/506 7/20/506 479/24/506
f 462/541/701 476/21/701 3/25/701
f 471/544/508 470/542/508 479/24/508
f 463/543/702 3/25/702 477/29/702
f 471/544/510 480/28/510 481/1/510
f 465/547/511 464/545/511 477/29/511
f 472/546/512 481/1/512 482/3/512
f 514/594/543 483/740/543 484/741/543
f 484/741/543 485/742/543 486/743/543
f 486/743/543 487/744/543 488/745/543
f 488/745/543 489/746/543 490/747/543
f 490/747/543 491/748/543 492/749/543
f 492/749/543 493/750/543 494/751/543
f 494/751/543 495/752/543 496/753/543
f 496/753/543 497/754/543 498/592/543
f 498/592/543 499/755/543 500/756/543
f 500/756/543 501/757/543 502/758/543
f 502/758/543 503/759/543 504/760/543
f 504/760/543 505/761/543 506/593/543
f 506/593/543 507/762/543 508/763/543
f 508/763/543 509/764/543 510/765/543
f 510/765/543 511/766/543 512/767/543
f 512/767/543 513/768/543 514/594/543
f 514/594/543 484/741/543 486/743/543
f 486/743/543 488/745/543 490/747/543
f 490/747/543 492/749/543 494/751/543
f 494/751/543 496/753/543 498/592/543
f 498/592/543 500/756/543 502/758/543
f 502/758/543 504/760/543 506/593/543
f 506/593/543 508/763/543 510/765/543
f 510/765/543 512/767/543 514/594/543
f 514/594/543 486/743/543 490/747/543
f 490/747/543 494/751/543 498/592/543
f 498/592/543 502/758/543 506/593/543
f 506/593/543 510/765/543 514/594/543
f 514/594/543 490/747/543 498/592/543
f 547/630/576 516/769/576 517/770/576
f 517/770/576 518/771/576 519/772/576
f 519/772/576 520/773/576 521/774/576
f 521/774/576 522/775/576 523/776/576
f 523/776/576 524/777/576 525/778/576
f 525/778/576 526/779/576 527/780/576
f 527/780/576 528/781/576 529/782/576
f 529/782/576 530/783/576 531/628/576
f 531/628/576 532/784/576 533/785/576
f 533/785/576 534/786/576 535/787/576
f 535/787/576 536/788/576 537/789/576
f 537/789/576 538/790/576 539/629/576
f 539/629/576 540/791/576 541/792/576
f 541/792/576 542/793/576 543/794/576
f 543/794/576 544/795/576 545/796/576
f 545/796/576 546/797/576 547/630/576
f 547/630/576 517/770/576 519/772/576
f 519/772/576 521/774/576 523/776/576
f 523/776/576 525/778/576 527/780/576
f 527/780/576 529/782/576 531/628/576
f 531/628/576 533/785/576 535/787/576
f 535/787/576 537/789/576 539/629/576
f 539/629/576 541/792/576 543/794/576
f 543/794/576 545/796/576 547/630/576
f 547/630/576 519/772/576 523/776/576
f 523/776/576 527/780/576 531/628/576
f 531/628/576 535/787/576 539/629/576
f 539/629/576 543/794/576 547/630/576
f 547/630/576 523/776/576 531/628/576
f 580/666/609 549/798/609 550/799/609
f 550/799/609 551/800/609 552/801/609
f 552/801/609 553/802/609 554/803/609
f 554/803/609 555/804/609 556/805/609
f 556/805/609 557/806/609 558/807/609
f 558/807/703 559/808/703 560/809/703
f 560/809/609 561/810/609 562/811/609
f 562/811/609 563/812/609 564/664/609
f 564/664/609 565/813/609 566/814/609
f 566/814/609 567/815/609 568/816/609
f 568/816/609 569/817/609 570/818/609
f 570/818/703 571/819/703 572/665/703
f 572/665/609 573/820/609 574/821/609
f 574/821/609 575/822/609 576/823/609
f 576/823/609 577/824/609 578/825/609
f 578/825/609 579/826/609 580/666/609
f 580/666/609 550/799/609 552/801/609
f 552/801/609 554/803/609 556/805/609
f 556/805/609 558/807/609 560/809/609
f 560/809/609 562/811/609 564/664/609
f 564/664/609 566/814/609 568/816/609
f 568/816/609 570/818/609 572/665/609
f 572/665/609 574/821/609 576/823/609
f 576/823/609 578/825/609 580/666/609
f 580/666/609 552/801/609 556/805/609
f 556/805/609 560/809/609 564/664/609
f 564/664/609 568/816/609 572/665/609
f 572/665/609 576/823/609 580/666/609
f 580/666/609 556/805/609 564/664/609
f 613/702/642 582/827/642 583/828/642
f 583/828/642 584/829/642 585/830/642
f 585/830/642 586/831/642 587/832/642
f 587/832/704 588/833/704 589/834/704
f 589/834/642 590/835/642 591/836/642
f 591/836/642 592/837/642 593/838/642
f 593/838/642 594/839/642 595/840/642
f 595/840/642 596/841/642 597/700/642
f 597/700/642 598/842/642 599/843/642
f 599/843/642 600/844/642 601/845/642
f 601/845/642 602/846/642 603/847/642
f 603/847/642 604/848/642 605/701/642
f 605/701/642 606/849/642 607/850/642
f 607/850/704 608/851/704 609/852/704
f 609/852/642 610/853/642 611/854/642
f 611/854/642 612/855/642 613/702/642
f 613/702/642 583/828/642 585/830/642
f 585/830/642 587/832/642 589/834/642
f 589/834/642 591/836/642 593/838/642
f 593/838/642 595/840/642 597/700/642
f 597/700/642 599/843/642 601/845/642
f 601/845/642 603/847/642 605/701/642
f 605/701/642 607/850/642 609/852/642
f 609/852/642 611/854/642 613/702/642
f 613/702/642 585/830/642 589/834/642
f 589/834/642 593/838/642 597/700/642
f 597/700/642 601/845/642 605/701/642
f 605/701/642 609/852/642 613/702/642
f 613/702/642 589/834/642 597/700/642
f 646/738/675 615/856/675 616/857/675
f 616/857/675 617/858/675 618/859/675
f 618/859/675 619/860/675 620/861/675
f 620/861/675 621/862/675 622/863/675
f 622/863/675 623/864/675 624/865/675
f 624/865/675 625/866/675 626/867/675
f 626/867/675 627/868/675 628/869/675
f 628/869/675 629/870/675 630/736/675
f 630/736/675 631/871/675 632/872/675
f 632/872/675 633/873/675 634/874/675
f 634/874/675 635/875/675 636/876/675
f 636/876/675 637/877/675 638/737/675
f 638/737/675 639/878/675 640/879/675
f 640/879/675 641/880/675 642/881/675
f 642/881/675 643/882/675 644/883/675
f 644/883/675 645/884/675 646/738/675
f 646/738/675 616/857/675 618/859/675
f 618/859/675 620/861/675 622/863/675
f 622/863/675 624/865/675 626/867/675
f 626/867/675 628/869/675 630/736/675
f 630/736/675 632/872/675 634/874/675
f 634/874/675 636/876/675 638/737/675
f 638/737/675 640/879/675 642/881/675
f 642/881/675 644/883/675 646/738/675
f 646/738/675 618/859/675 622/863/675
f 622/863/675 626/867/675 630/736/675
f 630/736/675 634/874/675 638/737/675
f 638/737/675 642/881/675 646/738/675
f 646/738/675 622/863/675 630/736/675
